fecha,Enfermedades crónicas de las vías respiratorias inferiores ,Enfermedades cerebrovasculares,Causas de mortalidad mal definidas y desconocidas,Tumores malignos de los órganos genitales masculinos,Enfermedades hipertensivas,"Enfermedades de las venas y de los vasos y ganglios linfáticos, no clasificadas en otra parte ",Otras enfermedades de los intestinos,Influenza [gripe] y neumonía,Otras enfermedades respiratorias que afectan principalmente al intersticio ,Otras enfermedades bacterianas,Enfermedades isquémicas del corazón,Enfermedad renal tubulointersticial,Desnutrición,Otras enfermedades del sistema respiratorio ,Tumores malignos de los órganos respiratorios e intratorácicos,Otras formas de enfermedad del corazón,Tumores malignos de los órganos digestivos,Hernia ,"Exposición al humo, fuego y llamas",Tumores malignos de los órganos genitales femeninos,Otras enfermedades del sistema digestivo,Otras enfermedades de la pleura,Síntomas y signos generales,Exposición accidental a otros factores y a los no especificados,"Tumores [neoplasias] malignos del tejido linfático, de los órganos hematopoyéticos y de tejidos afines",Enfermedades del hígado,"Tumores [neoplasias] malignos de sitios mal definidos, secundarios y de sitios no especificados",Enfermedades glomerulares,Melanoma y otros tumores malignos de la piel,Diabetes mellitus,Trastornos del humor [afectivos],Tumores [neoplasias] de comportamiento incierto o desconocido,"Tumores malignos del ojo, del encéfalo y de otras partes del sistema nervioso central","Enfermedades del esófago, del estómago y del duodeno",COVID-19 Confirmado,COVID-19 Sospechoso,"Trastornos mentales orgánicos, incluidos los trastornos sintomáticos",Caídas,Otros trastornos del sistema nervioso,"Trastornos de la vesícula biliar, de las vías biliares y del páncreas",Tumor maligno de la mama,Otras enfermedades degenerativas del sistema nervioso,Insuficiencia renal ,Trastornos extrapiramidales y del movimiento ,Tumores malignos de la glándula tiroides y de otras glándulas endocrinas,Secuelas de causa externa de morbilidad y de mortalidad,"Tumores malignos del labio, de la cavidad bucal y de la faringe",Enfermedades de los órganos genitales masculinos,Anemias aplásticas y otras anemias ,Tumores malignos de las vías urinarias,Otras infecciones agudas de las vías respiratorias inferiores,Artrosis ,"Enfermedades de las arterias, de las arteriolas y de los vasos capilares",Ahogamiento y sumersión accidentales,Trastornos metabólicos,Síntomas y signos que involucran los sistemas circulatorio y respiratorio,Afecciones supurativas y necróticas de las vías respiratorias inferiores ,Tumores [neoplasias] in situ,Malformaciones congénitas del sistema urinario,Infecciones de la piel y del tejido subcutáneo,Enfermedades del pulmón debidas a agentes externos ,Síntomas y signos que involucran los sistemas nervioso y osteomuscular,Otras enfermedades de la sangre y de los órganos hematopoyéticos ,Malformaciones congénitas del sistema circulatorio,Enfermedad cardiopulmonar y enfermedades de la circulación pulmonar,Trastornos de la glándula tiroides,Enfermedades cardíacas reumáticas crónicas ,Secuelas de enfermedades infecciosas y parasitarias,Otras enfermedades del sistema urinario,Otros trastornos del riñón y del uréter,Tuberculosis,Tumores [neoplasias] benignos,"Procedimientos quirúrgicos y otros procedimientos médicos como la causa de reacción anormal del paciente o de complicación posterior, sin mención de incidente en el momento de efectuar el procedimiento","Exceso de esfuerzo, viajes y privación",Enfermedades infecciosas intestinales ,Micosis,Trastornos episódicos y paroxísticos ,Otras osteopatías,Alteraciones de la visión y ceguera,Otros accidentes que obstruyen la respración,Otros accidentes de transporte terrestre,Otros trastornos de la regulación de la glucosa y de la secreción interna del páncreas,Otros trastornos y los no especificados del sistema circulatorio,Tumores malignos de los huesos y de los cartílagos articulares de los miembros,"Defectos de la coagulación, púrpura y otras afecciones hemorrágicas",Enteritis y colitis no infecciosas,Trastornos mentales y del comportamiento debidos al uso de sustancias psicoactivas,Tumores malignos de los tejidos mesoteliales y de los tejidos blandos,Peatón lesionado en accidente de transporte,Litiasis urinaria ,Infecciones virales caracterizadas por lesiones de la piel y de las membranas mucosas,Lesiones autoinfligidas intencionalmente ,Trastornos de la densidad y de la estructura óseas,Otros trastornos de la piel y del tejido subcutáneo,Exposición a fuerzas mecánicas inanimadas,Otros trastornos articulares,Poliartropatías inflamatorias,Espondilopatías,Enfermedades debidas a protozoarios,Enfermedades del oído interno,Trastornos de los músculos,"Meningitis bacteriana, no clasificada en otra parte",Trastornos del cuerpo vítreo y del globo ocular,Parálisis cerebral y otros síndromes paralíticos ,Dispositivos médicos de diagnósticos y de uso terapéutico asociados con incidentes adversos,Otras enfermedades debidas a espiroquetas,Otras deficiencias nutricionales,Anemias nutricionales ,"Envenenamiento accidental por, y exposicion a sustancias nocivas",Enfermedades del peritoneo,Otras enfermedades infecciosas,Enfermedades desmielinizantes del sistema nervioso central ,"Trastornos del párpado, aparato lagrimal y órbita ",Obesidad y otros tipos de hiperalimentación,Trastornos no inflamatorios de los órganos genitales femeninos,Hepatitis viral,Ocupante de automovil  lesionado en accidente de transporte,Síntomas y signos que involucran el sistema digestivo y el abdomen,"Síntomas y signos que involucran el conocimiento, la percepción, el estado emocional y la conducta",Exposición a fuerzas de la naturaleza,Trastornos sistémicos del tejido conjuntivo ,Síntomas y signos que involucran el sistema urinario,Anemias hemolíticas,Polineuropatías y otros trastornos del sistema nervioso periférico,Enfermedades musculares y de la unión neuromuscular,"Pediculosis, acariasis y otras infestaciones",Agresiones,Otros trastornos de los tejidos blandos,"Trastornos neuróticos, trastornos relacionados con el estrés y trastornos somatomorfos",Ciertos trastornos que afectan el mecanismo de la inmunidad ,Enfermedades inflamatorias de los órganos pélvicos femeninos,Incidentes ocurridos al paciente durante la atención  médica y quirúrgica,Trastornos de otras glándulas endocrinas,Enfermedades del apéndice,Atrofias sistémicas que afectan principalmente el sistema nervioso central,infecciones del sistema nervioso central,Otras enfermedades de las vías respiratorias superiores,Trastornos respiratorios y cardiovasculares específicos del período perinatal,Trastornos del desarrollo y de la erupción de los dientes,Contacto traumático con animales y plantas venenosos,Artropatías infecciosas,Otras enfermedades virales,"Esquizofrenia, trastornos esquizotípicos y trastornos delirantes","Trastornos de los nervios, de las raíces y de los plexos nerviosos",Helmintiasis,Infecciones agudas de las vías respiratorias superiores ,Urticaria y eritema,"Exposición a la corriente eléctrica, radiación y temperatura, y presión del aire ambientales extremas",Enfermedad por virus de la inmunodeficiencia humana [VIH],Dorsopatías deformantes ,Accidentes de transporte aéreo y espacial,Accidentes de transporte por agua,Ciclista lesionado en accidente de transporte,Infecciones con modo de transmisión predominantemente sexual,Trastorno mental no especificado,Exposición a fuerzas mecánicas animadas,Motociclista lesionado en accidente de transporte,"Drogas, medicamentos y sustancias biológicas causantes de efectos adversos en su uso terapéutico",Retraso mental,"Anomalías cromosómicas, no clasificadas en otra parte",Ocupante de camioneta o furgoneta  lesionado en accidente de transporte,Otras malformaciones congénitas,Trastornos flictenulares,Otras dorsopatías ,Condropatías,Infecciones específicas del período perinatal,Trastornos relacionados con la duración de la gestación y el crecimiento fetal,Otras malformaciones congénitas del sistema digestivo,Malformaciones congénitas del sistema nervioso,Malformaciones y deformidades congénitas del sistema osteomuscular,Otras afecciones obstétricas no clasificadas en otra parte,Complicaciones principalmente relacionadas con el puerperio,Síndromes del comportamiento asociados con alteraciones fisiológicas y factores físicos,Trastornos hemorrágicos y hematológicos del feto y del recién nacido,Trastornos del sistema digestivo del feto y del recién nacido,"Edema, proteinuria y trastornos hipertensivos en el embarazo, el parto y el puerperio",Malformaciones congénitas del sistema respiratorio,Afecciones asociadas con la regulación tegumentaria y la temperatura del feto y del recién nacido,Otros trastornos originados en el período perinatal,Contacto con calor y sustancias calientes,"Feto y recién nacido afectados por factores maternos y por complicaciones del embarazo, del trabajo de parto y del parto",Otros trastornos maternos relacionados principalmente con el embarazo,Ciertas zoonosis bacterianas,Traumatismo del nacimiento,Atención materna relacionada con el feto y la cavidad amniótica y con posibles problemas del parto ,Embarazo terminado en aborto,Trastornos endocrinos y metabólicos transitorios específicos del feto y del recién nacido
2020-01-01,8,25,9,4,11,1,2,13,7,4,25,4,1,4,13,10,31,0,0,2,3,0,1,10,5,7,3,0,1,4,0,5,0,0,0,0,4,1,0,4,8,6,3,1,0,0,1,0,1,4,0,1,3,2,1,0,1,0,1,0,3,1,1,0,2,0,0,1,4,1,0,0,1,0,1,0,1,0,0,2,9,0,0,1,0,0,0,0,3,0,0,14,0,0,5,0,0,0,0,0,0,0,0,0,0,0,0,0,2,0,0,0,0,0,0,0,1,0,0,0,1,0,0,0,0,0,2,1,0,0,0,0,0,0,1,0,0,0,0,0,0,1,0,0,0,0,0,0,1,0,0,0,0,0,0,0,0,0,0,0,0,0,1,0,0,0,0,0,1,0,0,0,0,0,0,0,0,0,0,0,0,0,0,0,0,0,0
2020-01-02,7,27,10,5,9,1,5,16,8,2,22,2,2,2,10,14,25,1,0,4,4,0,6,0,3,11,0,0,0,5,0,6,2,2,0,0,7,2,1,1,6,6,2,1,1,0,0,0,0,3,0,0,4,2,1,0,0,0,0,0,1,1,0,0,2,0,1,0,0,1,0,0,0,0,1,0,1,0,0,1,3,0,0,0,0,1,0,1,1,0,0,9,1,2,2,0,0,0,0,0,0,1,0,0,0,0,0,0,0,0,0,2,0,0,0,0,1,0,0,0,0,0,0,0,0,0,1,1,0,1,0,0,0,0,1,1,0,0,0,0,0,0,1,0,0,0,0,0,2,0,0,0,0,0,0,0,0,0,0,0,0,0,0,0,0,0,1,0,0,1,0,0,0,0,0,0,0,0,0,0,0,0,0,0,0,0,0
2020-01-03,8,27,4,6,17,0,3,15,4,2,20,2,1,3,3,10,39,0,0,6,5,1,2,6,3,20,6,0,1,7,0,5,2,1,0,0,4,2,1,1,5,8,9,2,0,0,1,1,1,7,0,0,5,1,0,1,0,0,0,1,4,1,0,0,1,0,1,0,6,0,0,0,1,0,2,0,2,0,0,0,6,0,0,0,0,0,1,0,0,0,0,6,0,2,2,0,0,0,0,0,0,0,0,0,0,0,0,0,0,0,0,0,0,1,0,0,0,0,0,0,1,0,0,1,1,0,1,0,0,0,0,0,0,0,0,0,0,0,0,0,0,1,0,0,0,0,0,1,1,0,0,0,0,0,0,0,0,0,0,1,0,0,0,0,0,0,1,0,0,0,0,0,0,0,0,0,0,0,0,0,0,0,0,0,0,0,0
2020-01-04,8,26,8,7,14,2,6,13,6,5,25,1,0,3,12,11,32,1,0,7,2,0,9,2,6,10,3,0,1,8,0,0,1,0,0,0,3,1,2,1,5,3,3,0,1,0,0,0,0,5,0,0,5,1,1,0,1,0,0,1,6,0,0,1,2,1,0,0,3,0,2,1,1,0,2,0,1,0,0,1,3,0,0,0,0,0,4,0,1,0,0,6,0,3,1,0,0,0,0,0,0,0,0,0,0,0,0,0,0,0,0,0,0,0,0,0,0,0,0,0,0,0,0,0,0,0,1,0,1,0,0,0,0,0,1,0,0,1,0,0,0,1,0,0,0,0,0,0,0,0,0,0,0,0,0,0,0,0,0,2,0,0,0,0,0,1,2,1,0,0,0,0,0,1,0,0,0,0,0,0,1,0,0,0,0,0,0
2020-01-05,10,19,2,9,12,0,4,17,6,2,30,2,0,3,7,13,29,0,0,2,2,0,3,2,6,8,0,0,0,10,0,4,1,0,0,0,3,2,0,5,3,10,3,0,0,0,0,2,0,5,1,0,3,5,2,0,0,0,0,0,5,1,0,0,1,0,0,0,7,1,1,0,0,0,1,0,1,0,0,0,2,0,1,0,0,0,1,2,1,0,0,5,0,1,2,0,0,0,0,0,0,1,0,0,0,0,0,0,0,0,0,0,0,0,0,0,0,0,0,0,0,0,0,0,0,0,2,0,0,0,0,0,0,0,0,0,0,0,0,0,0,0,0,0,0,0,0,1,0,0,0,0,0,0,0,0,0,0,0,0,0,0,0,0,0,1,0,0,0,0,0,0,0,0,0,0,0,0,0,0,0,0,0,0,0,0,0
2020-01-06,7,17,2,9,20,0,3,13,5,3,26,0,0,2,11,9,44,0,1,3,0,0,6,4,6,10,6,0,1,7,0,2,1,0,0,0,9,4,1,3,5,9,3,1,0,0,1,0,0,8,0,0,2,0,1,0,1,0,0,0,3,0,0,0,0,0,1,1,6,0,1,0,0,0,4,0,1,0,0,0,5,0,0,0,0,0,1,0,1,0,0,6,0,3,0,0,1,0,0,0,0,2,0,2,0,0,0,0,0,1,0,1,0,0,0,0,0,0,0,0,1,0,0,0,0,0,1,0,0,0,0,0,0,1,1,0,0,0,0,0,0,0,0,0,0,0,0,0,0,0,0,0,0,0,0,0,0,0,0,0,1,0,0,0,0,0,1,0,0,0,0,0,0,0,0,0,0,0,0,0,0,0,0,0,0,0,0
2020-01-07,8,14,5,6,15,1,1,11,4,2,20,3,1,6,9,6,37,0,2,5,0,0,2,2,7,14,1,0,2,9,0,1,3,0,0,0,12,0,1,2,3,6,2,0,1,1,2,0,0,3,0,0,5,1,3,0,1,0,1,0,4,0,0,0,0,1,0,0,3,1,0,0,0,0,1,0,1,0,1,0,3,0,0,2,0,0,1,3,1,0,0,4,0,2,1,0,0,0,0,0,0,0,0,0,0,0,0,0,0,0,0,0,0,1,1,0,0,0,0,0,1,0,0,0,0,1,0,1,0,0,0,0,0,0,0,0,0,0,0,0,0,0,0,0,0,0,0,0,2,0,0,0,0,0,0,0,0,0,0,1,0,0,0,0,0,0,0,0,0,0,0,0,0,0,0,0,0,0,0,0,0,0,0,0,0,0,0
2020-01-08,3,17,11,9,12,0,1,9,6,4,16,0,0,4,7,9,41,0,1,5,3,1,1,3,7,11,1,1,4,6,0,4,1,0,0,0,7,2,2,3,3,6,5,2,1,0,0,0,3,3,0,0,3,1,1,0,0,0,2,1,12,0,0,0,1,0,0,1,9,0,2,0,1,0,3,1,1,0,0,0,3,0,0,0,0,0,0,1,1,0,0,4,0,1,2,0,0,0,0,0,0,0,0,1,0,0,0,0,0,0,0,0,0,0,0,0,0,1,0,0,0,0,0,0,0,0,1,0,0,0,0,0,0,0,0,0,0,0,0,0,0,0,0,0,0,0,0,2,1,0,0,0,0,0,0,0,0,0,0,0,0,0,0,0,0,0,0,0,0,0,0,0,0,0,0,0,0,0,0,0,0,0,0,0,0,0,0
2020-01-09,6,18,6,4,8,4,3,13,5,2,22,1,3,5,13,10,30,0,1,8,6,1,4,2,5,14,2,0,0,8,0,1,0,1,0,0,2,1,0,3,4,9,3,0,2,0,0,0,2,2,0,0,3,0,2,0,0,0,1,1,5,0,0,1,0,0,2,1,4,0,0,0,0,0,3,1,1,0,0,1,8,0,0,0,1,0,0,0,1,0,0,5,0,1,0,0,0,0,0,0,0,0,0,1,0,0,0,1,0,1,1,0,0,0,0,0,0,0,0,0,0,0,0,0,0,0,0,0,0,0,0,0,0,0,1,0,0,1,0,0,0,0,0,0,0,0,0,0,0,0,0,0,0,0,0,0,0,0,0,1,0,0,1,0,0,0,0,0,1,0,0,0,0,0,0,0,0,0,0,0,2,0,0,0,0,0,0
2020-01-10,7,22,4,4,17,1,2,5,5,5,23,3,0,2,16,10,38,0,1,2,2,0,1,4,8,18,2,0,1,7,0,5,0,1,0,0,4,1,2,1,3,5,3,1,0,0,0,0,0,13,0,1,1,1,3,0,0,0,0,1,4,1,0,0,2,0,1,0,4,0,1,0,2,1,2,0,1,0,0,0,2,0,0,1,0,0,0,0,0,0,0,6,0,0,4,0,1,1,0,0,0,1,0,1,0,0,0,0,0,0,0,0,0,1,0,1,0,0,0,0,0,0,0,0,0,0,2,0,0,1,0,0,0,0,2,0,0,0,0,0,0,0,0,0,0,0,0,1,0,0,0,0,0,0,0,0,0,0,0,0,0,0,0,0,0,0,0,0,0,0,0,0,0,0,0,0,0,0,0,0,0,0,0,0,0,0,0
2020-01-11,8,18,3,5,9,0,3,18,6,4,20,0,2,2,18,7,29,0,2,8,2,0,5,5,5,10,0,0,3,6,0,4,2,1,0,0,6,3,1,4,6,10,7,1,0,0,2,0,0,5,2,0,2,0,4,0,0,0,0,2,1,1,0,0,1,1,0,0,3,0,0,1,0,0,1,0,1,0,0,0,6,0,0,0,0,0,0,0,2,0,0,2,0,1,1,0,2,0,0,0,0,0,0,0,0,0,0,0,2,2,1,0,0,0,0,0,0,0,0,0,0,0,1,0,0,0,3,0,0,2,0,0,0,0,0,3,1,0,0,0,0,1,0,0,0,0,0,0,1,0,0,0,0,0,0,0,0,0,0,1,0,0,0,0,1,1,0,0,0,0,0,0,0,0,0,0,0,0,0,0,1,0,0,0,0,0,0
2020-01-12,3,15,14,4,10,1,5,14,9,2,27,1,4,4,7,8,23,1,1,5,0,0,5,5,12,9,3,0,1,8,0,3,0,0,0,0,5,1,1,2,3,5,5,0,0,0,0,1,0,3,1,1,5,4,0,0,0,0,0,1,1,0,0,0,3,0,1,0,2,0,1,0,2,0,0,0,1,0,0,0,5,0,0,0,0,0,0,0,3,0,0,7,0,3,1,0,1,0,0,0,0,1,0,0,0,0,0,0,0,2,0,0,0,0,0,0,0,0,0,0,0,0,0,0,0,0,1,0,0,0,0,0,0,0,0,0,0,1,0,0,0,0,0,0,0,0,0,0,0,0,0,0,0,0,0,0,0,0,0,0,0,0,0,0,0,0,0,0,0,0,0,0,0,0,0,0,0,0,0,0,0,0,0,0,0,0,0
2020-01-13,8,26,6,7,16,0,1,22,6,3,21,1,2,1,10,13,23,0,1,1,0,1,7,5,6,13,2,0,1,9,0,7,2,0,0,0,6,3,0,1,4,5,4,2,1,0,0,1,2,6,2,1,5,0,0,0,0,0,0,2,6,1,0,2,2,0,0,0,5,0,0,1,1,0,0,0,1,0,0,0,3,0,0,0,1,0,1,0,2,0,0,5,0,1,2,0,1,0,0,0,0,1,0,0,0,0,0,0,0,0,0,0,0,1,0,0,0,0,0,0,0,0,0,0,0,0,3,0,0,1,0,0,0,0,0,0,0,2,0,0,0,0,0,0,0,0,0,0,1,0,0,0,0,0,0,0,0,0,0,0,0,0,0,0,0,0,2,0,0,0,0,0,0,0,0,0,0,0,0,0,0,0,0,0,0,0,0
2020-01-14,8,20,3,4,8,2,6,5,9,0,16,2,1,4,6,12,36,0,1,1,1,0,4,5,5,15,4,0,2,9,0,5,4,1,0,0,5,0,4,6,4,12,2,2,0,0,2,0,0,3,2,0,1,0,1,0,0,0,0,1,4,0,0,1,3,0,1,0,3,0,0,0,0,0,0,0,1,0,0,1,1,0,0,0,0,0,0,2,1,0,0,2,0,2,1,0,0,0,0,0,1,0,0,0,0,0,0,0,0,1,0,0,0,0,0,0,0,0,0,0,0,0,0,0,0,0,1,0,0,0,0,0,0,0,0,2,0,1,0,0,0,0,0,0,0,0,0,1,1,0,0,0,0,0,0,0,0,0,0,0,0,0,0,0,0,1,0,0,0,1,0,0,0,0,0,0,0,0,0,0,0,0,0,0,0,0,0
2020-01-15,9,18,7,8,15,1,6,17,6,3,22,0,0,0,11,8,45,0,1,3,0,0,4,6,10,7,1,0,1,7,1,4,1,1,0,0,4,5,2,2,3,6,7,1,1,0,1,0,2,4,1,1,1,0,0,0,0,0,0,0,0,0,0,0,1,0,0,0,5,0,1,2,3,0,4,0,0,0,0,1,1,0,0,0,0,0,0,0,1,0,0,3,0,2,0,0,0,0,0,0,0,0,0,1,0,0,0,0,0,2,0,0,0,0,0,0,0,0,0,0,1,0,0,0,0,0,0,1,0,0,0,0,0,0,0,1,1,1,0,0,0,1,0,0,0,0,0,1,1,0,0,0,0,0,0,0,0,0,0,0,0,0,0,0,0,0,0,1,0,0,0,0,0,0,0,0,0,0,0,0,0,0,0,0,0,0,0
2020-01-16,4,13,6,6,13,2,5,9,5,2,16,2,1,2,14,5,37,1,0,1,3,0,7,2,9,6,3,0,1,11,0,2,2,2,0,0,6,2,0,1,1,4,2,1,0,0,1,0,0,10,0,0,1,0,1,0,1,0,0,0,6,0,0,0,3,0,0,0,2,0,1,0,0,0,1,0,1,2,0,0,0,0,0,1,0,0,1,0,1,0,0,3,0,1,3,0,0,0,0,0,0,0,0,0,0,0,0,0,0,1,0,0,0,0,0,0,0,0,0,0,0,0,0,0,0,0,1,0,1,1,0,0,1,0,0,0,0,1,0,0,0,0,0,0,0,0,0,1,0,0,0,0,1,0,0,0,1,0,0,1,0,1,0,0,0,0,1,0,0,0,0,0,0,0,0,0,0,0,0,0,0,0,0,0,0,0,0
2020-01-17,5,20,8,6,19,1,3,12,5,2,14,0,2,4,14,11,33,1,1,2,1,1,2,10,9,7,8,0,3,6,0,2,3,0,0,0,10,4,3,2,2,7,7,4,0,0,1,1,1,6,0,0,2,1,1,0,0,0,0,2,3,0,1,0,2,0,0,0,4,0,0,0,2,0,0,0,1,0,0,0,10,0,0,0,2,0,0,0,1,0,0,3,0,1,1,0,0,0,0,0,0,0,0,1,0,0,0,0,0,2,0,0,0,1,0,0,1,0,0,0,0,0,0,0,0,0,1,0,0,0,0,0,0,0,0,0,0,1,0,0,0,0,0,0,0,0,0,0,0,0,0,0,0,0,0,0,0,0,0,0,0,0,0,0,0,1,1,0,0,0,0,0,0,0,0,0,0,0,0,0,0,0,0,0,0,0,0
2020-01-18,0,25,12,11,15,0,9,11,2,4,25,3,1,2,10,16,31,0,0,4,1,1,1,6,6,12,7,0,2,3,0,5,1,0,0,0,10,0,3,4,5,7,2,2,0,0,1,2,3,2,1,1,1,3,3,0,0,0,0,0,4,0,0,0,4,1,0,0,4,0,0,0,1,0,0,0,1,0,0,0,4,1,0,0,1,0,0,0,2,0,0,7,0,0,2,0,0,0,0,0,0,2,0,0,0,0,0,1,0,0,0,0,0,0,0,0,0,0,0,0,0,0,0,0,0,0,2,0,0,0,0,0,0,0,0,0,0,1,0,0,0,0,0,0,0,0,0,0,3,0,0,0,0,0,0,0,0,0,0,0,0,0,0,0,0,0,0,0,0,0,0,0,0,0,0,0,0,0,0,0,0,0,0,0,0,0,0
2020-01-19,8,16,11,5,17,1,2,13,3,2,25,1,2,0,14,5,26,0,1,3,2,0,2,5,3,12,5,0,1,4,0,2,3,1,0,0,4,0,2,0,3,11,4,1,0,1,2,0,0,2,0,0,2,1,3,0,0,0,0,1,2,1,0,0,1,0,0,0,4,0,1,0,1,0,2,0,0,0,0,1,3,0,0,1,1,1,1,0,4,0,0,12,0,2,1,0,1,0,0,0,0,0,0,0,0,0,0,0,0,1,0,0,0,1,0,0,0,0,0,0,1,0,0,0,0,0,0,0,0,0,0,0,0,0,0,0,0,2,0,0,0,1,0,0,0,0,0,0,1,0,0,0,1,0,0,0,0,0,0,2,0,0,0,0,0,0,0,0,0,0,0,0,0,0,0,0,1,0,0,0,0,0,0,0,0,0,0
2020-01-20,8,14,9,7,18,1,4,17,1,0,18,3,2,3,5,7,27,2,3,4,0,0,1,1,6,10,4,0,0,5,0,1,3,0,0,0,8,0,0,1,2,4,4,3,1,0,1,2,2,4,0,0,1,0,3,0,0,0,0,0,3,0,0,0,0,0,1,1,3,0,1,0,0,0,1,0,1,0,0,0,1,0,0,0,0,0,0,1,1,0,0,5,1,0,3,0,1,0,0,0,0,0,0,0,0,0,0,0,0,0,0,0,0,1,0,0,0,0,0,0,0,0,0,0,0,0,3,0,0,1,0,0,0,0,1,0,0,0,0,0,0,0,0,0,0,0,0,1,0,0,0,0,0,0,0,0,0,0,0,2,0,0,0,0,0,0,0,0,0,0,0,0,0,0,0,0,0,0,0,0,0,0,0,0,0,0,0
2020-01-21,5,22,6,3,11,0,5,16,4,4,18,2,0,3,11,9,36,1,0,5,1,1,2,5,4,9,2,0,2,7,0,5,1,0,0,0,5,2,2,0,6,9,2,5,0,1,2,0,0,5,0,0,2,1,1,0,0,0,0,1,3,0,0,0,0,0,1,1,5,1,0,1,0,0,3,0,0,1,0,0,2,0,0,0,0,0,0,0,2,0,0,11,0,1,3,0,1,0,0,0,0,1,0,0,0,0,0,0,0,1,0,0,0,1,0,0,0,0,0,0,1,0,1,0,3,0,1,0,0,0,0,0,0,0,2,0,0,1,0,0,0,0,0,0,0,0,0,0,1,0,0,0,0,0,0,0,0,0,0,1,0,1,0,0,0,1,0,0,0,0,0,0,0,0,0,0,0,0,0,0,1,0,0,0,0,0,0
2020-01-22,10,18,5,9,11,0,1,14,5,3,19,1,0,1,13,13,33,0,0,2,6,0,2,3,3,9,3,0,0,6,0,4,0,0,0,0,9,1,0,4,4,3,10,3,0,1,1,1,0,4,1,0,2,2,2,0,0,0,0,1,4,0,1,1,1,0,0,2,4,0,0,0,1,1,0,0,1,0,0,0,0,0,0,1,1,1,1,1,3,0,0,5,0,2,2,0,1,0,0,0,0,0,0,0,0,0,0,0,0,4,0,0,0,1,0,0,0,0,0,0,0,0,0,0,0,0,1,1,0,1,0,0,0,0,0,0,0,0,0,0,0,0,0,0,0,0,0,0,0,0,0,0,0,0,0,0,0,0,0,0,0,0,0,0,0,0,0,0,0,0,0,0,0,0,0,0,0,0,1,0,1,0,0,0,0,0,0
2020-01-23,5,21,5,4,11,0,6,9,7,3,10,1,0,1,16,11,26,0,0,3,3,0,6,2,8,8,3,1,0,9,0,4,2,2,0,0,5,3,1,2,5,7,5,3,1,0,0,0,2,4,0,1,2,1,2,0,0,0,0,1,3,0,0,1,1,0,1,0,7,0,1,0,0,0,2,0,0,0,0,0,2,0,0,0,0,0,0,0,1,0,0,7,0,2,2,0,0,0,0,0,0,0,0,0,0,0,0,0,1,0,0,0,0,0,0,0,0,0,0,0,0,0,0,0,1,0,3,0,0,0,0,0,0,0,0,0,0,1,0,0,0,1,0,0,0,0,0,0,1,0,0,0,0,0,0,0,0,0,0,0,0,0,0,0,0,0,0,0,1,0,0,0,0,0,0,0,0,0,0,0,0,0,0,0,0,0,0
2020-01-24,8,10,2,5,12,0,6,8,1,3,17,1,0,0,9,12,43,0,1,4,3,0,2,4,5,11,3,0,1,9,0,2,0,0,0,0,7,2,0,3,5,5,3,1,0,0,0,0,1,8,1,0,4,0,2,2,0,0,0,2,4,0,0,2,0,0,1,0,4,0,0,0,1,0,1,0,0,0,0,0,5,0,0,0,0,0,0,0,3,0,0,3,0,0,2,0,0,0,0,0,0,0,0,0,0,0,0,0,0,1,0,2,0,0,0,0,0,0,0,0,0,0,0,0,0,0,1,0,0,0,0,1,1,0,2,1,0,1,0,0,0,0,0,0,0,0,0,0,1,0,0,0,0,0,0,0,0,0,0,0,0,0,0,0,0,1,0,0,0,0,0,0,0,1,0,0,0,0,0,0,0,0,0,0,0,0,0
2020-01-25,8,18,6,3,12,1,6,7,7,1,17,0,1,5,9,16,35,0,0,5,2,0,6,2,2,8,4,0,3,6,2,4,1,2,0,0,8,3,1,2,1,5,4,3,0,0,1,0,1,6,0,0,7,3,1,0,1,0,0,2,6,0,0,0,1,0,0,1,6,0,1,0,1,0,0,2,1,0,0,0,9,0,0,2,0,1,2,1,0,0,0,2,0,1,2,0,0,0,0,0,0,0,0,0,0,0,0,0,0,0,1,0,0,0,0,0,0,0,0,0,0,0,1,0,0,0,0,0,0,0,0,0,0,0,0,1,0,1,0,0,0,0,0,0,0,0,0,0,0,0,0,0,0,0,0,0,0,0,0,1,0,0,1,0,0,1,0,0,0,0,0,0,0,0,0,0,0,0,0,0,0,0,0,0,0,0,0
2020-01-26,8,17,6,5,12,1,1,13,8,2,24,2,2,4,6,7,26,0,0,7,1,1,1,2,4,12,4,1,4,9,0,3,1,0,0,0,6,1,2,0,5,8,5,2,1,0,0,0,2,7,2,0,2,7,0,0,0,0,0,1,4,0,0,0,0,1,0,0,3,0,0,0,0,0,3,0,0,0,0,0,6,0,0,0,0,0,1,2,2,0,0,7,0,0,5,0,0,1,0,0,0,0,0,2,0,0,0,0,0,3,0,0,0,0,0,0,0,0,0,0,0,0,0,0,0,0,2,1,0,1,0,0,0,0,1,0,0,0,0,0,0,1,0,0,0,0,0,0,0,0,0,0,0,0,0,0,0,0,0,1,0,0,0,0,0,0,1,0,0,0,0,0,0,0,0,0,0,0,0,0,0,0,0,0,0,0,0
2020-01-27,7,23,5,9,21,1,10,15,4,3,22,2,2,1,11,11,30,0,3,4,2,1,9,3,3,14,3,0,1,1,0,1,0,0,0,0,6,1,1,5,4,8,6,4,1,0,0,0,3,6,0,0,1,2,2,0,1,1,0,1,4,1,0,0,1,1,0,1,5,2,0,0,0,0,1,0,0,0,0,1,1,0,0,0,0,0,0,0,3,0,0,3,0,2,0,0,0,0,0,0,0,0,0,0,0,0,0,0,0,2,0,0,0,0,0,0,0,0,0,0,1,0,0,0,0,0,1,0,0,0,0,0,1,0,0,0,0,1,0,0,0,0,0,0,0,0,0,0,1,0,0,0,1,0,0,0,0,0,0,0,0,0,0,0,0,0,2,0,0,1,0,0,0,0,1,1,0,0,0,0,0,0,0,0,0,0,0
2020-01-28,9,16,4,8,23,1,4,10,5,5,19,1,1,3,4,8,32,1,1,1,3,1,5,3,6,11,2,0,0,8,1,2,0,0,0,0,6,1,1,8,4,7,4,3,0,0,1,1,1,2,0,0,3,1,2,0,0,0,0,2,1,0,0,2,3,1,0,0,5,0,1,0,0,1,1,0,2,0,0,0,4,0,0,0,0,0,0,1,0,0,1,9,0,3,0,0,0,0,0,0,0,0,0,1,0,0,0,0,1,1,0,0,0,1,0,0,0,0,0,0,0,0,0,1,1,0,3,0,0,0,0,0,0,1,0,0,0,0,0,0,0,1,0,0,0,0,0,0,0,0,0,0,0,0,0,0,0,0,0,0,0,0,0,0,0,0,0,0,0,0,0,0,0,1,0,0,0,0,0,0,0,0,0,0,0,0,0
2020-01-29,9,22,9,6,13,1,4,13,6,2,18,1,0,5,8,6,39,0,0,4,4,1,5,4,4,6,1,0,1,5,0,5,3,0,0,0,3,1,2,1,3,3,3,1,0,0,0,0,2,1,1,1,2,3,1,0,1,0,1,0,5,0,0,2,3,2,0,1,3,0,0,1,0,0,3,0,0,0,0,2,0,0,0,0,0,0,1,1,2,0,0,3,0,3,1,0,0,0,1,0,0,0,0,0,0,0,0,0,1,2,0,1,0,0,0,0,0,0,0,0,0,0,0,1,0,0,1,0,0,0,0,0,0,0,0,0,0,0,0,0,0,0,0,0,0,0,0,0,1,0,0,0,0,0,0,0,0,0,0,2,0,0,0,0,0,0,0,0,0,0,0,0,0,0,0,0,0,0,0,0,0,0,0,0,0,0,0
2020-01-30,9,19,7,7,11,0,4,10,2,0,12,1,1,2,15,12,35,0,0,5,2,0,4,1,4,4,3,0,0,4,0,6,3,2,0,0,3,0,1,4,3,10,7,4,0,0,1,0,1,10,0,0,1,1,0,0,0,0,1,1,3,0,1,0,0,0,0,0,4,0,0,0,1,0,1,0,0,0,0,0,1,0,0,0,0,0,1,0,3,0,0,6,0,2,4,0,0,0,0,0,0,0,0,0,0,0,0,0,0,1,0,0,1,0,0,0,0,0,0,0,0,0,0,0,0,0,2,0,0,0,0,0,0,0,0,2,0,2,0,0,0,0,0,0,0,0,0,0,0,0,0,0,0,0,0,0,0,0,0,0,0,0,0,0,0,0,0,0,0,1,0,1,0,0,0,0,1,0,0,0,0,0,0,0,0,0,0
2020-01-31,6,23,9,5,14,0,1,20,6,1,16,4,0,6,10,8,30,0,0,3,0,0,3,3,6,10,4,0,2,2,0,3,0,2,0,0,3,1,0,4,3,3,2,0,1,0,0,1,0,4,1,0,3,3,1,0,0,0,0,3,4,0,0,0,0,0,0,0,6,0,1,0,1,0,1,1,0,0,0,0,1,1,0,1,0,2,1,1,1,0,0,10,0,1,2,0,0,0,1,0,0,0,0,1,0,0,0,0,1,0,0,0,0,0,0,0,0,0,0,0,1,0,0,0,0,0,1,1,0,2,0,0,0,1,2,0,0,1,0,0,0,1,0,0,0,0,0,0,1,0,0,0,0,0,0,0,0,0,0,0,0,0,0,0,0,0,0,0,0,0,0,0,0,0,0,0,0,0,0,0,0,0,0,0,0,0,0
2020-02-01,3,15,9,3,12,2,2,14,7,3,14,0,0,1,9,16,35,1,0,5,6,0,5,6,4,16,6,0,0,8,0,3,3,3,0,0,5,0,0,2,3,6,4,0,1,1,2,0,1,4,0,0,1,4,2,0,0,0,0,5,2,0,0,2,0,0,0,1,5,0,0,1,1,0,2,0,0,0,0,0,3,1,0,0,0,0,0,2,3,0,0,4,0,5,2,0,0,0,0,0,0,2,0,1,0,0,0,0,0,1,0,0,0,0,0,1,0,0,0,0,0,0,0,0,0,0,2,0,0,0,0,0,0,1,0,0,0,1,0,0,0,0,0,0,0,0,0,0,0,0,0,0,0,0,0,0,1,0,0,0,0,0,0,0,0,0,0,0,0,0,0,0,0,0,1,0,0,0,0,0,0,0,0,0,0,0,0
2020-02-02,2,16,9,8,9,0,6,8,3,2,15,0,0,1,8,15,24,1,1,3,0,0,4,5,3,13,3,0,1,6,0,2,0,0,0,0,5,1,0,3,2,3,3,3,0,0,1,0,0,1,0,0,2,4,3,0,0,0,0,2,4,0,0,0,0,0,0,0,4,1,1,0,1,0,2,0,0,0,0,0,6,0,0,0,0,0,0,2,2,0,0,6,0,0,1,0,0,0,0,0,0,1,0,0,0,0,0,0,0,0,0,1,0,0,0,0,0,0,0,0,0,0,0,0,0,0,1,0,0,0,0,0,0,0,0,2,0,1,0,0,0,0,0,0,0,0,0,0,1,0,0,0,0,0,0,0,0,0,0,0,0,0,0,0,0,0,1,0,0,0,0,0,0,0,0,0,0,0,0,0,0,0,0,0,0,0,0
2020-02-03,9,24,8,7,16,0,2,6,5,1,15,0,2,3,19,6,19,0,1,3,2,1,6,2,4,11,2,0,0,8,0,2,2,2,0,0,7,3,2,3,6,8,3,3,0,0,0,0,1,5,0,0,2,0,0,0,0,0,0,3,6,0,0,3,0,0,0,1,5,0,1,0,0,0,1,0,0,0,0,0,4,1,0,0,0,0,0,2,1,1,0,6,0,1,2,0,0,0,0,0,0,1,0,0,0,0,1,0,1,3,0,0,0,1,0,0,1,0,0,0,1,0,0,0,1,0,0,0,0,0,0,0,0,0,2,0,1,0,0,0,0,0,0,0,0,0,0,0,0,0,0,0,0,0,0,0,0,0,0,0,0,0,0,0,0,1,0,0,1,0,0,0,0,1,0,0,0,0,0,0,1,0,0,0,0,0,0
2020-02-04,3,17,6,13,21,1,1,14,5,1,12,2,0,6,11,4,34,0,0,6,2,0,2,0,7,14,4,0,1,8,0,6,2,0,0,0,4,0,0,2,3,3,4,3,0,0,1,0,0,7,0,0,0,2,3,0,0,0,0,0,4,0,0,0,1,1,0,0,2,0,0,1,0,0,2,0,2,0,0,0,4,0,0,0,0,1,0,3,0,0,0,4,0,4,3,0,0,0,0,0,0,0,0,0,0,0,0,0,0,0,0,0,0,0,0,0,0,0,0,0,1,0,0,0,0,0,2,1,0,0,0,0,0,0,1,1,0,0,0,0,0,0,1,0,0,0,0,0,1,0,0,0,0,0,0,0,0,0,0,0,0,1,0,0,0,0,0,0,0,0,0,0,0,0,0,0,0,0,0,0,0,0,0,0,0,0,0
2020-02-05,2,10,4,6,16,0,7,13,4,0,20,5,2,1,8,17,23,0,0,5,0,0,4,4,2,9,4,1,2,6,0,4,3,2,0,0,4,2,1,2,5,5,5,2,2,0,0,0,2,6,1,0,2,3,1,0,0,0,1,2,3,1,0,1,2,0,0,0,6,0,1,0,2,0,1,1,1,0,0,0,5,1,0,0,0,0,0,0,0,0,0,2,0,1,1,0,2,0,0,0,0,1,0,0,0,0,0,0,2,0,0,0,0,0,0,0,0,0,0,0,0,0,1,0,0,0,1,0,0,0,0,0,0,0,0,1,0,0,0,0,0,0,0,0,0,0,0,0,0,0,0,0,0,0,0,0,0,0,0,2,0,0,0,0,0,0,0,0,2,0,0,0,0,0,0,0,1,0,0,0,0,0,0,0,0,0,0
2020-02-06,9,17,0,4,10,0,8,12,8,4,24,2,0,4,5,11,35,0,1,3,2,0,2,2,3,4,2,0,1,11,0,2,0,0,0,0,3,2,3,3,3,2,3,3,1,0,0,0,0,3,0,1,2,0,2,1,0,0,1,1,3,0,0,0,2,1,0,0,1,1,1,0,0,0,1,0,0,0,0,0,4,0,0,1,0,0,0,3,1,0,0,3,0,3,5,0,0,0,0,0,1,1,0,1,0,0,0,0,0,2,0,0,0,0,0,1,0,0,0,0,0,0,0,0,0,0,0,0,0,0,0,0,0,0,1,0,0,1,0,0,0,0,1,0,0,0,0,0,2,0,0,0,0,0,0,0,0,0,0,1,0,0,0,0,0,0,1,0,0,0,0,0,0,1,0,0,0,0,0,0,0,0,0,0,0,0,0
2020-02-07,6,21,9,8,21,0,3,8,6,2,18,1,1,5,12,11,30,1,0,4,1,0,6,2,4,11,2,0,0,7,0,4,0,2,0,0,7,1,1,4,5,8,4,3,0,0,0,1,0,4,0,0,3,1,1,0,2,0,0,1,5,1,0,0,3,0,0,1,1,0,1,1,0,0,4,0,1,0,0,1,5,0,0,0,0,0,0,1,1,0,0,5,0,0,2,0,0,0,0,0,0,1,0,1,0,0,0,0,0,2,0,0,0,0,0,0,0,0,0,0,2,0,0,0,1,0,2,1,0,0,1,0,0,0,0,0,0,0,0,0,1,0,0,0,0,0,0,0,1,0,0,0,1,0,0,0,0,0,0,1,0,0,0,0,0,1,0,0,0,0,0,0,0,0,0,0,0,0,0,0,0,0,0,0,0,0,0
2020-02-08,7,11,4,9,14,0,2,14,5,3,9,1,1,5,9,7,29,2,0,6,3,0,6,5,4,5,2,0,0,12,1,3,1,0,0,0,2,1,4,1,3,2,9,3,1,0,0,2,0,5,0,0,2,7,2,0,0,0,0,2,6,0,0,0,4,1,0,0,5,0,0,0,1,0,1,0,0,0,0,1,4,0,0,0,0,0,0,0,1,0,0,7,0,0,4,0,1,0,1,0,1,0,0,0,0,0,0,0,0,1,0,0,0,0,0,0,0,0,0,0,0,0,0,0,0,0,0,0,0,0,0,0,0,0,1,0,0,1,0,0,0,0,0,0,0,0,0,0,0,0,0,0,0,0,0,0,0,0,0,0,0,0,0,0,0,0,0,0,0,0,0,0,0,0,0,0,0,0,0,0,0,0,0,0,0,0,0
2020-02-09,8,17,9,5,17,0,6,14,6,1,25,2,1,4,11,15,31,0,1,7,2,0,2,2,10,14,2,0,3,10,0,5,4,0,0,0,11,1,1,1,3,3,8,2,0,0,2,0,1,4,0,0,5,2,0,0,0,0,0,1,5,0,0,0,4,0,0,0,1,0,1,0,0,0,1,0,1,0,0,1,10,0,0,0,0,0,1,0,2,0,0,6,0,0,2,0,1,0,0,0,0,0,0,0,0,0,0,0,0,0,0,1,0,1,0,0,0,0,0,0,0,0,0,0,1,0,1,0,0,0,0,0,0,1,0,0,0,0,0,0,0,0,0,0,0,0,0,0,2,0,0,0,0,0,0,0,0,0,0,0,0,0,0,0,0,0,1,0,0,1,0,0,0,0,0,0,0,0,0,0,0,0,0,0,0,0,0
2020-02-10,5,19,5,7,13,0,5,17,2,1,19,1,0,3,10,9,35,0,0,5,2,1,4,1,9,14,2,0,0,4,0,1,0,0,0,0,6,3,1,3,7,5,5,3,1,0,0,2,1,4,0,0,1,2,1,0,0,0,0,0,1,0,0,0,2,0,0,0,0,2,0,0,0,0,1,0,1,0,0,2,4,0,0,0,0,0,0,1,1,0,0,5,0,2,1,0,0,0,0,0,0,1,0,0,0,0,0,0,0,2,0,0,0,0,0,0,0,0,0,0,2,0,1,0,0,0,2,0,0,0,0,0,0,0,1,0,0,0,0,0,0,2,0,0,0,0,0,2,0,0,0,0,0,0,0,0,0,0,0,0,0,0,0,0,0,0,0,0,0,0,0,0,0,0,0,0,0,0,0,0,0,0,0,0,0,0,0
2020-02-11,5,20,4,6,13,1,11,8,3,2,19,0,3,2,9,13,37,1,0,2,2,1,6,3,4,16,2,0,2,4,0,2,2,0,0,0,3,1,2,3,1,4,1,2,0,0,2,0,0,3,0,2,2,3,3,0,0,0,0,0,2,0,0,0,1,0,0,0,3,0,1,0,0,0,1,0,0,0,0,0,3,0,0,0,0,0,1,2,0,0,0,3,0,1,2,0,0,0,0,0,0,0,0,0,0,0,0,1,0,1,0,0,0,0,0,0,0,0,0,0,2,0,1,0,0,0,3,1,0,0,0,0,0,0,0,1,0,0,0,0,0,0,0,0,0,0,0,0,0,0,0,0,0,0,0,0,0,0,0,0,0,0,0,0,0,1,1,1,0,0,0,0,0,0,0,0,0,0,0,0,0,0,0,0,0,0,0
2020-02-12,4,17,4,6,12,0,2,6,5,6,21,1,0,2,10,8,29,1,1,3,0,1,6,3,0,11,6,0,2,5,0,4,1,0,0,0,4,2,1,1,3,8,8,0,0,0,2,0,0,5,0,0,1,2,5,0,1,0,0,1,0,0,1,1,3,1,0,0,5,0,0,0,1,0,1,1,1,0,0,1,1,0,0,1,0,0,1,0,3,0,0,4,0,0,0,0,1,0,1,0,0,1,0,0,0,0,0,0,0,1,0,0,0,0,0,0,0,0,0,0,1,0,0,0,0,0,1,0,0,0,0,0,0,0,1,1,0,0,0,0,0,0,0,0,0,0,0,0,2,1,0,0,0,0,0,0,0,0,0,0,0,0,0,0,0,0,0,0,0,0,0,0,0,0,0,0,0,0,0,0,0,0,0,0,0,0,0
2020-02-13,5,18,6,9,5,0,3,8,4,3,16,1,2,2,9,11,37,0,0,1,1,0,3,4,3,11,4,0,2,3,0,5,0,0,0,0,10,1,1,5,3,2,3,1,0,0,1,0,0,4,0,0,1,1,0,1,0,0,1,1,4,0,0,0,4,0,2,0,6,0,1,0,0,0,2,0,0,0,0,0,5,0,0,1,0,0,1,2,2,0,0,7,0,2,2,0,1,0,0,0,0,0,0,1,0,0,0,0,0,3,0,0,0,0,0,0,0,0,0,0,0,0,0,0,0,0,1,0,0,0,1,1,0,0,0,0,0,0,0,0,0,0,0,0,0,0,0,0,1,0,0,0,0,0,0,0,0,0,0,3,0,0,0,0,0,0,0,0,0,0,0,0,0,0,1,0,0,0,0,0,0,0,0,0,0,0,0
2020-02-14,10,23,6,4,10,2,1,10,2,1,18,0,1,2,13,8,34,0,0,6,0,1,3,4,7,13,0,0,2,8,0,3,1,1,0,0,2,0,0,3,3,2,5,0,1,0,2,0,0,1,0,0,1,0,0,0,0,0,0,2,2,2,0,2,1,0,1,0,2,0,1,0,1,0,2,0,0,0,0,0,1,0,0,0,0,0,1,0,0,0,0,4,0,1,1,0,0,0,0,0,0,1,0,0,0,0,0,0,0,3,0,0,0,0,0,1,0,0,0,0,0,0,0,0,0,0,1,0,0,0,0,0,0,0,0,1,0,0,0,0,0,0,0,0,0,0,0,0,1,0,0,0,0,0,0,0,0,0,0,1,0,0,0,0,0,1,0,0,0,0,0,0,0,0,0,0,0,0,0,0,0,0,0,0,0,0,0
2020-02-15,6,14,10,7,6,0,5,13,5,2,23,0,0,3,7,10,24,0,1,2,0,1,3,5,4,14,4,0,0,9,1,5,1,2,0,0,6,2,1,5,4,5,5,1,1,1,1,0,0,6,0,0,2,3,2,0,0,0,0,2,5,1,0,0,1,1,0,0,4,0,1,0,0,0,0,0,4,0,0,2,7,0,0,0,0,0,0,0,2,0,0,6,1,2,4,0,0,0,0,0,0,0,0,0,0,0,0,0,0,2,0,0,0,1,0,0,1,0,0,0,0,0,0,1,1,0,1,0,0,0,0,0,0,0,1,0,0,0,0,0,0,0,0,0,0,0,0,0,1,0,0,0,0,0,0,0,0,0,0,1,0,0,0,0,0,0,0,0,0,1,0,0,0,0,0,0,0,0,0,0,1,0,0,0,0,0,0
2020-02-16,7,22,7,5,15,1,8,15,4,2,17,3,2,2,10,8,32,2,0,6,2,0,2,2,5,13,6,0,2,6,0,6,0,3,0,0,3,2,9,2,7,3,1,1,0,0,0,0,0,5,1,0,1,0,5,0,0,0,0,0,3,0,1,0,4,0,1,0,1,0,0,0,2,0,2,0,2,0,0,1,6,0,0,1,1,1,1,2,0,0,1,7,0,3,2,0,0,0,0,0,0,1,0,0,0,0,0,0,1,2,0,0,0,0,0,0,0,0,0,0,0,0,0,0,0,0,1,0,0,0,0,0,0,0,0,0,0,0,0,0,0,0,0,0,0,0,0,0,1,0,0,0,0,0,0,0,0,0,0,1,0,0,0,0,0,0,1,0,0,0,0,0,0,0,0,0,0,0,0,0,0,0,0,0,0,0,0
2020-02-17,6,27,6,6,8,1,5,8,8,2,23,1,3,1,7,12,33,3,1,4,2,1,1,2,4,11,4,0,0,8,0,1,0,0,0,0,10,0,2,2,4,9,3,2,0,0,1,0,2,5,0,0,0,0,0,0,1,0,0,0,2,0,0,0,3,0,2,1,3,0,1,0,0,0,0,0,1,0,0,0,6,0,0,1,0,0,0,0,1,0,0,5,1,0,3,0,0,0,1,0,0,0,0,0,0,0,0,0,0,3,0,0,0,0,0,0,0,0,0,0,0,0,0,0,0,0,2,0,0,0,0,0,0,0,0,0,0,1,0,0,0,0,0,0,1,0,0,1,0,0,0,0,0,0,0,0,0,0,0,0,0,1,0,0,0,0,1,1,1,0,0,0,0,0,1,0,0,0,0,0,0,0,0,0,0,0,0
2020-02-18,10,17,3,2,20,0,4,8,3,1,20,4,0,3,11,9,30,0,0,3,1,0,2,5,3,12,3,0,2,6,0,5,0,0,0,0,5,0,2,4,6,3,8,2,1,0,1,0,2,4,0,0,2,0,3,0,0,0,0,2,3,0,0,1,2,0,0,0,6,0,1,0,0,0,2,0,0,1,0,0,3,1,0,0,1,0,1,1,2,0,0,5,0,0,2,0,0,0,1,0,0,0,0,1,0,0,0,0,0,1,0,0,0,0,0,0,0,0,0,0,2,0,0,0,0,0,2,0,0,1,0,0,0,0,1,1,0,0,0,0,0,3,0,0,0,0,0,1,0,0,0,0,0,0,0,0,0,0,0,0,0,0,0,0,0,0,0,0,0,0,0,0,0,0,1,0,0,0,0,0,0,0,0,0,0,0,0
2020-02-19,6,12,6,4,8,0,3,13,2,0,22,1,0,3,8,8,26,0,0,4,3,0,2,1,7,12,4,0,1,12,0,1,1,1,0,0,5,3,1,2,4,5,2,1,2,0,2,1,1,2,1,0,4,0,2,0,0,0,0,2,4,1,0,0,1,0,0,0,5,0,2,0,1,0,1,0,0,0,0,0,2,0,0,0,1,0,1,3,3,0,0,7,0,1,1,0,0,0,0,0,0,0,0,0,0,0,0,0,0,2,0,0,0,0,0,0,0,0,0,0,0,0,0,0,0,0,0,0,0,0,0,0,0,0,1,1,0,1,0,0,0,0,0,0,0,0,0,0,0,0,0,0,1,0,0,0,0,0,0,0,0,1,0,0,0,0,0,0,0,0,0,0,0,0,0,0,0,0,0,0,0,0,0,0,0,0,0
2020-02-20,6,16,4,4,17,1,2,16,2,2,20,1,1,2,14,16,32,0,1,3,3,0,3,3,3,9,2,0,3,8,0,5,0,3,0,0,5,2,2,3,3,7,4,2,0,1,0,0,2,5,0,1,2,1,3,1,0,0,0,1,3,0,0,0,1,0,0,0,3,0,0,0,0,1,0,1,1,0,0,1,1,0,0,0,0,0,0,0,1,0,0,3,0,1,1,0,0,0,0,0,0,0,0,0,0,0,0,0,0,2,0,0,0,1,0,0,0,0,0,0,0,0,0,0,0,0,5,0,0,0,0,0,0,0,0,0,0,1,0,0,0,0,0,0,0,0,0,0,0,0,0,0,0,0,0,0,0,0,0,1,0,1,0,0,0,0,0,0,0,0,0,0,0,0,0,0,0,0,0,0,0,0,0,0,0,0,0
2020-02-21,5,20,5,3,14,2,8,12,6,1,16,1,0,3,9,17,30,0,0,2,1,0,1,1,4,11,2,0,2,7,0,4,1,0,0,0,2,2,2,4,5,5,5,1,0,0,1,0,1,7,0,0,1,0,1,0,0,0,0,1,1,0,0,0,0,0,0,0,5,0,1,0,1,0,0,0,1,0,0,1,4,0,0,0,0,0,0,0,2,0,0,4,0,1,2,0,0,0,0,0,0,0,0,0,0,0,0,0,0,1,0,0,0,0,0,0,0,0,0,0,0,0,0,0,0,1,4,0,0,1,0,0,0,0,0,0,0,2,0,0,0,0,0,0,0,0,0,1,1,0,0,0,0,0,0,0,0,0,0,1,0,0,0,0,0,0,1,0,0,0,0,0,0,0,0,0,0,0,0,0,0,0,0,0,0,0,0
2020-02-22,4,24,4,5,14,0,3,23,7,5,22,0,2,3,4,9,32,2,3,8,1,1,4,5,3,2,3,0,1,2,0,1,1,0,0,0,6,2,5,2,2,5,3,2,0,0,0,0,0,5,2,0,4,4,2,0,0,0,0,0,1,0,0,0,1,0,1,0,7,0,2,0,0,0,0,0,0,0,0,0,14,0,0,0,0,0,0,0,1,0,0,5,0,0,0,0,0,1,0,0,0,1,0,0,0,0,0,0,0,0,0,0,0,0,0,0,0,0,0,0,0,0,0,0,0,0,4,0,0,0,0,0,0,0,0,0,0,1,0,0,0,0,0,0,0,0,0,1,0,0,0,0,1,0,0,0,0,0,0,0,0,0,0,0,0,0,0,0,0,0,0,0,0,0,0,0,0,0,0,0,0,0,0,0,0,0,0
2020-02-23,4,18,5,5,11,0,7,10,3,1,15,1,1,2,13,8,23,1,0,6,1,2,6,5,6,9,0,0,1,6,0,5,0,1,0,0,3,2,2,3,6,4,5,3,0,0,0,0,2,3,0,1,1,1,0,0,1,0,0,2,5,1,0,1,1,1,0,1,3,0,0,1,1,0,4,0,3,0,0,1,5,0,0,0,0,0,0,1,0,0,0,7,1,0,0,0,0,0,0,0,0,0,0,0,0,0,0,0,0,4,0,0,0,0,0,0,0,1,0,0,0,0,0,0,0,0,2,0,0,0,0,0,0,0,1,0,0,0,0,0,0,0,0,0,0,0,0,0,1,0,0,0,0,0,0,0,0,0,0,1,0,0,0,0,0,0,0,0,0,0,0,0,0,0,0,0,0,0,0,0,0,0,1,0,0,0,0
2020-02-24,8,21,2,2,14,0,2,8,3,2,9,0,0,4,9,14,25,2,1,1,2,0,5,3,3,10,2,0,0,8,0,1,1,2,0,0,4,2,1,1,2,6,5,1,1,0,2,0,2,3,0,0,1,0,2,0,1,0,0,0,5,0,0,0,3,0,1,1,3,0,0,0,2,0,3,0,0,1,0,1,5,0,0,1,2,1,0,3,3,0,0,1,1,2,2,0,0,0,0,0,0,0,0,3,0,0,0,0,0,0,1,0,0,0,0,0,0,0,0,0,1,0,0,0,0,0,1,0,0,0,1,0,0,0,0,0,0,0,0,0,0,0,0,0,0,0,0,0,0,0,0,0,0,0,0,0,1,0,0,0,0,0,0,0,0,0,2,0,0,0,0,0,0,0,0,0,0,0,0,0,0,0,0,0,0,0,0
2020-02-25,2,22,10,5,11,2,2,8,8,3,14,0,0,3,10,11,35,0,0,2,3,0,4,5,8,14,0,0,2,5,0,3,4,1,0,0,6,0,1,2,4,0,2,1,0,0,0,0,2,3,0,1,1,0,2,0,0,0,0,0,1,0,0,0,2,0,0,1,4,0,0,1,0,0,0,0,0,0,0,0,2,1,0,0,1,0,0,2,2,0,0,5,0,1,2,0,0,0,0,0,0,0,0,0,0,0,0,1,0,1,0,0,0,1,0,0,0,0,0,0,0,0,0,0,0,0,0,3,1,0,0,0,0,0,0,0,0,0,0,0,1,0,0,0,0,0,0,1,4,0,0,0,0,0,0,0,0,0,0,0,0,2,0,0,0,0,1,0,0,0,0,0,0,1,0,0,1,0,0,0,0,0,0,0,0,0,0
2020-02-26,8,17,5,13,5,1,2,12,6,1,13,2,0,2,8,12,33,2,1,3,0,0,2,1,9,9,3,0,3,5,0,2,1,1,0,0,4,2,2,2,9,4,1,0,0,0,1,1,1,3,1,1,4,0,1,0,0,0,0,1,0,0,0,0,0,0,0,0,3,1,0,0,1,0,0,1,1,0,0,2,2,0,0,0,0,0,0,1,4,0,0,3,0,3,3,0,0,1,0,0,0,0,0,1,0,0,0,0,0,0,0,0,0,1,0,0,0,0,0,0,0,0,0,0,0,0,1,1,0,0,0,0,0,1,0,1,0,0,0,0,0,1,1,0,0,0,0,0,0,0,0,0,0,0,0,0,0,1,0,1,0,1,0,0,0,0,0,0,1,0,0,0,0,0,0,0,0,0,0,0,0,0,0,0,0,0,0
2020-02-27,3,20,5,9,9,1,3,7,4,3,19,0,1,4,11,13,30,0,0,3,3,1,3,6,7,13,3,0,2,5,0,4,1,1,0,0,4,1,1,4,2,7,6,1,0,1,0,1,0,1,1,0,4,0,4,0,0,0,0,0,1,0,1,0,0,0,0,0,3,0,0,0,0,0,0,0,1,0,0,1,2,0,0,1,1,0,1,0,0,0,0,6,0,0,1,0,0,0,1,0,1,0,0,0,0,0,0,0,0,2,0,0,0,0,0,0,0,0,0,0,1,0,0,0,1,0,1,0,0,0,0,0,0,0,1,0,0,1,0,0,0,0,0,0,0,0,0,0,2,0,0,0,0,0,0,0,0,0,0,0,0,0,0,0,0,0,1,0,0,0,0,0,0,1,0,0,0,0,0,0,0,0,0,0,0,0,0
2020-02-28,3,12,5,6,9,1,6,10,3,2,19,1,1,1,9,10,34,0,2,4,5,1,4,7,3,14,2,1,0,6,0,3,2,1,0,0,4,1,0,2,7,6,5,0,2,0,1,0,0,5,0,1,3,0,2,0,0,0,0,1,2,0,0,0,2,1,0,1,6,1,0,0,0,0,1,0,0,0,0,0,1,0,0,0,1,0,0,1,1,0,0,3,0,2,1,0,0,0,0,0,0,0,0,0,0,0,0,0,2,1,0,1,0,0,0,0,0,0,0,0,1,0,0,0,0,0,0,0,0,2,0,0,0,1,1,0,0,0,0,0,0,0,0,0,0,0,0,1,0,0,0,0,0,0,0,0,0,0,0,1,0,0,0,0,0,0,0,0,1,0,0,0,0,1,0,0,0,1,0,0,0,0,0,0,0,0,0
2020-02-29,8,21,6,10,12,0,2,15,4,3,22,1,4,5,7,15,36,0,0,4,0,0,5,1,4,5,2,1,1,6,0,3,0,2,0,0,3,4,2,0,2,5,5,3,0,1,0,0,0,4,0,0,4,0,3,2,0,0,0,1,3,1,0,0,2,0,1,0,5,0,0,0,1,0,1,0,1,0,0,0,11,0,1,0,0,1,0,0,1,0,0,7,0,0,3,0,0,0,1,1,0,1,0,0,0,0,0,0,0,3,0,0,0,0,0,0,0,0,0,0,1,0,0,0,0,0,2,0,0,0,1,0,0,0,3,0,0,0,0,0,0,0,0,0,0,0,0,0,1,0,0,0,0,0,0,0,0,0,1,0,0,0,0,0,0,0,0,0,0,0,1,0,0,0,0,0,0,0,0,0,0,0,0,0,0,0,0
2020-03-01,7,15,2,5,7,0,5,15,5,4,20,1,1,4,5,9,24,0,0,3,2,0,2,9,4,11,2,0,0,8,0,4,4,0,0,0,6,2,1,3,8,7,3,2,0,0,1,1,1,10,1,0,4,5,0,0,0,0,0,2,5,0,0,2,2,0,0,1,6,0,0,0,1,0,1,0,0,0,0,0,8,1,0,0,1,0,0,1,2,0,0,5,0,3,0,0,0,0,0,0,0,0,0,0,0,0,0,0,2,1,0,0,0,0,0,0,0,0,0,0,0,0,0,0,0,0,2,0,0,0,1,0,0,0,1,0,0,0,0,0,0,2,1,0,0,0,0,0,1,0,0,0,0,0,0,0,0,0,0,0,0,0,0,0,0,0,0,0,0,0,0,0,0,0,0,0,0,0,0,0,1,0,0,0,0,0,0
2020-03-02,7,16,4,10,18,0,4,10,6,0,21,0,3,2,6,11,26,1,3,6,0,0,2,2,4,9,1,0,0,3,0,2,2,0,0,0,8,1,1,1,4,7,4,3,2,1,1,0,1,7,1,0,3,0,4,0,0,0,0,0,1,2,0,0,1,1,0,1,3,0,2,0,0,0,1,0,1,0,0,0,5,0,0,0,1,0,1,1,3,0,0,4,0,0,1,0,0,0,1,0,1,0,0,1,0,0,0,0,0,1,0,0,0,1,0,0,0,0,1,0,0,0,1,0,0,0,1,1,0,0,0,0,0,0,0,1,0,1,0,0,0,0,0,0,0,0,0,0,0,0,0,0,0,0,0,0,0,0,0,0,0,0,0,0,0,0,0,0,0,0,0,0,0,0,0,0,0,0,0,0,0,0,0,0,0,0,0
2020-03-03,7,30,4,8,12,0,2,9,4,4,13,0,2,3,8,11,27,0,2,6,1,0,2,1,4,13,1,1,0,3,0,2,1,1,0,0,3,2,1,1,3,4,1,0,1,0,0,1,1,3,0,0,5,0,3,1,0,0,1,0,6,1,0,1,2,0,0,0,3,0,0,0,0,0,1,0,0,0,0,0,0,0,0,0,0,0,0,1,0,0,0,3,0,1,1,0,0,0,0,0,0,1,0,0,0,0,0,0,0,2,0,0,0,0,0,0,0,0,0,0,1,0,0,0,0,0,2,0,0,0,0,0,0,0,2,0,0,0,0,0,0,0,0,0,0,0,0,1,0,0,0,0,0,0,0,0,0,0,0,1,0,1,0,0,0,0,3,0,0,1,0,0,0,0,0,0,0,0,0,0,0,0,0,0,0,0,0
2020-03-04,9,20,2,8,8,0,5,14,2,5,17,1,0,7,7,7,34,0,0,3,2,0,7,1,5,11,4,0,1,10,0,2,4,1,0,0,3,1,1,1,4,0,6,0,1,0,2,0,0,3,0,0,2,3,3,0,0,0,0,1,4,1,0,0,2,0,0,0,3,0,0,0,0,0,1,1,1,0,0,0,6,0,0,0,0,0,0,1,0,0,0,6,0,1,0,0,0,0,0,0,0,0,0,0,0,0,0,0,3,0,0,0,0,0,0,0,0,0,0,0,1,0,0,0,0,0,1,0,0,0,0,0,0,0,0,1,0,1,1,0,0,0,0,0,0,0,0,0,1,0,0,0,0,0,0,0,0,0,0,0,0,0,0,0,0,0,0,0,0,0,0,0,0,0,0,0,0,0,0,0,0,0,0,0,0,0,0
2020-03-05,10,16,3,8,10,1,2,14,6,2,20,0,2,2,14,9,29,1,2,7,1,0,3,3,3,7,2,0,0,4,0,3,2,1,0,0,4,3,2,3,4,8,3,2,2,0,0,1,2,5,0,1,3,2,2,1,0,0,0,1,4,1,0,1,1,0,0,0,1,0,0,0,0,0,0,0,0,0,0,0,2,0,0,1,0,0,2,0,1,0,0,3,0,0,1,0,0,0,1,0,0,3,0,0,0,0,0,0,0,4,0,0,0,1,0,0,0,1,0,0,0,0,0,0,0,0,1,0,0,0,0,0,0,0,0,0,0,1,0,0,0,0,0,0,0,0,0,1,0,0,0,0,0,0,0,0,0,0,0,0,0,0,0,0,0,0,0,0,0,0,0,0,0,0,0,0,0,0,0,0,1,0,0,0,0,0,0
2020-03-06,8,18,7,5,9,1,5,10,10,3,13,3,0,2,8,18,34,1,1,6,1,0,2,2,4,10,3,0,0,5,0,3,1,0,0,0,5,2,0,4,3,4,4,1,2,0,2,2,1,8,1,0,2,0,0,0,1,0,0,0,4,1,0,0,3,1,0,1,7,1,0,0,2,0,0,0,0,0,0,0,3,1,0,0,0,0,0,2,1,0,0,5,0,0,1,0,0,0,0,0,0,1,0,0,0,0,0,0,1,1,0,0,0,0,0,1,0,0,0,0,1,0,0,0,0,0,1,0,0,0,0,0,0,0,0,0,1,1,0,0,0,0,0,0,0,0,0,0,1,0,0,0,0,0,0,0,0,0,0,1,0,0,0,0,0,0,1,0,1,0,0,0,0,0,0,0,0,0,0,0,0,0,0,0,0,0,0
2020-03-07,5,16,5,7,7,0,3,9,3,2,20,0,0,3,10,9,29,0,0,6,3,0,4,5,3,11,3,0,1,7,0,4,1,1,0,0,4,0,2,3,4,2,5,0,0,0,2,0,1,5,0,0,0,0,3,0,0,0,0,0,3,0,0,2,2,0,1,0,2,0,0,1,2,0,0,0,0,0,0,0,2,0,1,0,0,0,0,0,1,0,0,6,0,0,6,0,2,0,0,0,0,0,0,0,0,0,0,0,0,0,0,0,0,0,0,1,0,0,0,0,1,0,0,0,0,0,4,0,0,0,0,0,0,0,3,0,0,3,0,0,1,0,0,0,0,0,0,0,0,0,0,0,0,0,0,0,0,0,0,0,0,0,0,0,0,0,1,0,0,0,1,0,0,0,0,0,0,0,0,0,0,0,0,0,0,0,0
2020-03-08,4,20,9,3,9,1,6,10,4,1,29,2,1,5,6,9,37,1,0,6,0,0,2,2,7,13,2,1,3,8,0,2,2,2,0,0,9,1,1,1,5,12,2,4,1,0,0,0,0,5,1,0,0,0,1,1,2,0,0,2,3,0,0,1,1,1,0,0,4,1,1,0,0,0,0,0,0,0,0,1,1,0,0,0,1,1,0,0,3,0,0,4,0,3,3,0,1,0,1,0,1,0,0,0,0,0,0,0,0,2,0,0,0,1,0,0,0,0,0,0,0,0,1,0,0,0,2,1,0,1,0,0,0,1,0,0,0,2,0,0,1,0,0,1,0,0,0,0,0,0,0,0,0,0,0,0,1,1,0,0,0,0,0,0,0,1,0,0,0,0,0,0,0,0,0,0,0,0,0,0,0,0,0,0,0,0,0
2020-03-09,8,17,7,4,10,0,5,10,2,3,21,2,2,3,4,7,23,1,1,3,1,0,4,4,4,3,3,0,1,9,0,5,1,0,0,0,5,3,1,2,2,4,2,3,0,0,0,2,1,6,0,0,1,1,2,0,1,0,0,2,4,1,2,1,3,0,1,0,7,0,1,1,1,0,1,0,0,0,0,1,4,0,0,0,1,0,0,4,1,0,0,4,0,1,3,0,0,0,1,0,0,0,0,0,0,0,0,1,0,3,0,1,0,1,0,0,1,0,1,0,1,0,0,0,0,0,1,0,0,0,1,0,0,0,0,1,0,0,0,0,0,0,0,0,0,0,0,1,0,0,0,0,0,0,0,0,1,0,0,1,0,0,0,0,0,0,0,0,0,0,0,0,0,1,0,0,0,0,0,0,0,0,0,0,0,0,0
2020-03-10,9,15,4,7,10,0,10,11,6,4,19,1,2,10,9,12,25,0,2,2,1,1,2,3,3,10,5,0,0,8,0,3,1,3,0,0,2,1,2,1,12,6,5,1,0,0,1,0,1,5,0,0,3,2,2,2,1,0,0,1,5,0,0,1,2,0,0,0,5,1,1,0,1,0,2,0,3,0,0,2,2,0,0,0,1,2,0,0,1,0,0,10,0,0,3,0,0,0,0,0,0,1,0,0,0,0,0,0,1,2,0,0,0,0,0,0,0,0,0,0,0,0,0,0,1,0,0,0,0,0,0,0,0,0,0,1,0,2,0,0,0,0,0,0,0,0,0,0,0,0,0,0,0,0,0,0,0,0,0,0,0,0,0,0,0,0,0,0,0,0,0,0,0,0,0,0,0,0,0,0,0,0,0,0,0,0,0
2020-03-11,10,20,4,6,12,1,6,9,8,2,13,1,0,3,11,4,35,2,1,3,0,0,3,3,3,17,2,0,3,10,0,5,0,1,0,0,6,1,1,2,4,6,8,1,2,1,0,1,0,2,0,0,1,1,1,0,1,0,0,1,2,0,1,0,1,0,0,0,5,0,0,0,1,0,1,0,1,0,0,1,3,0,0,0,1,0,2,0,1,0,0,1,0,1,1,1,1,0,0,0,0,2,0,0,0,0,0,0,0,2,0,0,0,0,0,0,0,0,0,0,1,0,0,0,1,0,0,0,0,0,0,0,0,0,0,0,0,0,0,0,0,0,0,0,0,0,0,0,0,0,0,0,0,0,0,0,0,0,0,0,0,0,0,0,0,1,0,0,0,0,0,0,0,0,0,0,0,0,0,0,0,0,0,0,0,0,0
2020-03-12,8,18,13,6,8,1,4,6,4,1,14,1,0,5,10,13,32,0,0,2,1,0,1,4,5,6,5,0,2,5,0,6,2,0,0,0,7,2,0,3,6,8,4,0,1,0,0,0,1,3,0,0,2,1,1,1,0,0,0,2,2,0,0,0,2,0,1,0,4,0,0,0,1,0,2,0,0,0,0,0,3,0,0,0,0,0,0,1,0,0,0,9,0,2,4,0,0,1,0,0,1,1,0,2,0,0,0,0,0,1,0,0,0,0,0,0,0,0,0,0,0,0,0,0,0,0,1,0,0,0,0,0,0,0,1,0,1,0,0,0,0,0,0,0,0,0,0,0,0,0,0,0,0,0,0,0,0,0,0,0,0,1,0,0,0,0,0,0,1,0,1,0,0,0,0,0,0,0,0,0,0,0,0,0,0,0,0
2020-03-13,5,19,6,4,12,0,6,13,4,4,17,2,2,4,11,8,29,0,1,5,2,0,3,3,8,18,1,0,3,5,0,3,1,2,0,0,6,1,1,5,7,3,5,3,1,0,1,2,0,3,1,0,4,1,1,0,0,0,0,1,10,0,0,0,1,0,0,0,0,0,1,1,0,0,2,0,1,0,0,0,5,0,0,0,0,1,0,0,4,0,0,4,0,2,3,0,0,0,0,0,0,0,0,0,0,0,0,0,1,1,0,0,0,0,1,0,1,0,0,0,0,0,0,0,0,0,1,0,0,0,0,0,0,0,0,1,0,0,0,0,0,0,0,0,0,0,0,0,2,0,0,0,0,0,0,0,0,0,0,1,0,0,0,0,0,0,0,0,0,0,0,0,0,0,0,0,0,0,0,0,1,0,0,0,0,0,0
2020-03-14,3,13,6,8,15,0,2,8,8,0,18,0,0,3,18,17,22,0,0,6,2,0,4,7,6,16,1,0,1,8,0,3,3,0,0,0,3,3,1,3,7,6,3,1,1,0,0,0,2,4,1,0,1,1,1,0,0,0,0,2,6,0,1,1,2,0,1,1,1,0,0,0,1,0,2,0,2,1,0,0,4,0,0,0,1,0,0,1,0,0,0,3,0,0,2,0,0,0,1,0,1,1,0,0,0,0,0,0,2,0,0,0,0,1,0,0,0,0,0,0,2,0,0,0,0,0,2,0,0,0,1,0,1,0,2,2,0,0,0,0,1,0,0,0,0,0,1,0,0,0,0,0,0,0,0,0,0,0,0,0,0,0,0,0,0,0,0,0,0,0,0,0,0,0,1,0,0,0,0,0,0,0,0,0,0,0,0
2020-03-15,7,15,5,3,14,0,4,11,3,4,17,3,1,1,4,13,31,0,2,3,0,0,3,5,6,5,2,0,1,8,0,4,0,0,0,1,2,1,0,4,3,4,5,2,0,0,0,0,1,5,0,0,1,2,1,0,0,0,0,0,2,0,0,0,2,0,0,0,0,0,0,1,3,0,1,0,0,0,0,1,7,0,0,0,0,1,1,1,1,0,0,5,1,3,1,0,0,0,0,0,0,0,0,0,0,0,0,0,0,2,0,0,0,0,0,0,1,0,0,0,0,0,0,0,0,0,2,1,0,0,0,0,0,0,0,1,0,0,0,0,0,1,0,0,0,0,0,0,1,0,0,0,1,0,0,0,0,0,0,0,1,0,0,0,0,0,0,0,0,0,0,0,0,0,0,0,0,0,0,0,0,0,0,0,0,0,0
2020-03-16,6,17,8,4,11,3,2,17,5,2,12,2,1,3,11,13,32,0,0,5,0,0,2,4,3,12,3,0,3,6,0,3,2,2,0,1,10,0,1,2,4,2,3,1,0,0,0,0,2,4,3,1,1,0,1,0,0,0,0,1,1,0,0,0,2,0,0,1,3,0,4,0,1,0,1,0,2,0,0,0,3,2,0,0,0,0,0,2,1,0,0,4,0,2,1,0,0,1,1,0,0,0,0,0,0,0,0,0,0,1,0,1,0,0,0,0,0,0,0,0,0,0,0,1,0,0,1,0,0,0,0,0,0,0,1,0,0,0,0,0,0,1,0,0,0,0,0,0,0,0,0,0,0,0,0,0,1,0,0,1,0,0,0,0,0,2,0,0,0,0,0,0,0,1,0,0,0,0,0,0,0,0,0,0,0,0,0
2020-03-17,8,19,5,7,9,0,7,12,2,3,15,0,1,2,11,19,36,1,0,5,3,0,2,7,3,14,0,0,2,6,0,1,4,0,0,0,4,2,1,3,3,10,5,0,0,1,2,0,2,3,0,3,2,1,0,0,0,0,0,0,3,0,1,0,2,1,0,2,6,1,1,0,2,0,4,0,2,0,0,0,1,0,0,0,0,0,0,0,2,0,0,11,0,1,1,0,0,0,0,0,0,0,0,0,0,0,0,0,1,1,0,0,0,1,0,0,0,0,0,0,0,0,0,0,0,0,2,1,0,0,0,0,0,0,0,0,0,0,0,0,0,1,0,0,0,0,0,0,0,0,0,0,0,0,0,0,2,0,0,0,0,0,0,0,0,0,0,0,0,0,0,0,0,0,0,0,0,0,0,0,1,0,0,0,0,0,0
2020-03-18,7,17,6,5,10,0,3,17,2,2,23,2,0,4,13,14,37,3,0,2,1,1,3,7,6,13,1,0,1,9,0,3,2,3,0,1,6,3,1,1,4,6,4,1,0,0,2,1,1,2,1,1,3,0,1,0,0,0,0,1,3,0,0,1,3,0,0,1,6,0,0,0,0,0,0,0,2,0,0,0,5,0,1,1,1,1,1,4,2,0,0,3,0,2,1,0,0,0,0,0,0,0,0,0,0,0,0,1,0,3,0,0,0,1,0,0,0,0,0,0,0,1,0,0,0,0,1,0,0,0,0,0,0,0,1,1,0,0,0,0,0,0,0,0,0,0,0,0,0,0,0,0,0,0,0,0,0,0,0,0,0,0,0,0,0,0,0,0,0,0,0,0,0,0,0,0,0,0,0,0,0,0,0,0,0,0,0
2020-03-19,8,23,6,6,10,1,4,15,3,1,22,1,0,5,9,15,27,1,0,7,0,0,4,3,4,14,4,0,0,7,0,4,0,2,1,0,7,6,0,4,6,3,4,2,1,0,2,1,3,1,0,0,2,0,3,0,1,0,1,0,1,0,0,1,2,0,0,1,3,0,0,0,1,0,0,1,1,1,0,0,1,0,0,0,0,0,2,2,0,0,0,5,0,2,3,0,0,0,0,0,0,2,0,0,0,0,0,0,0,3,0,0,0,0,0,0,0,0,0,0,1,0,0,0,1,0,2,0,0,0,0,0,0,0,0,1,0,2,0,0,0,0,0,0,0,0,0,0,0,0,0,0,0,0,0,0,0,0,0,2,0,0,0,0,0,0,1,0,0,0,0,0,0,0,0,0,0,0,0,0,1,0,0,0,0,0,0
2020-03-20,12,16,4,7,16,0,4,12,6,2,13,1,2,4,12,9,27,0,1,6,4,0,3,2,2,5,3,0,0,11,0,7,3,0,1,1,5,1,1,1,7,3,4,1,0,0,2,0,0,2,1,0,2,0,2,0,1,0,0,0,3,0,1,0,2,0,0,1,3,0,0,0,0,0,1,0,1,0,0,0,8,0,0,0,0,1,0,2,0,0,1,5,0,1,0,0,0,0,0,0,0,1,0,0,0,0,0,0,1,1,0,0,0,0,0,0,0,0,0,0,2,0,0,0,0,0,3,0,0,1,0,0,0,0,1,1,0,0,0,0,0,0,0,0,0,0,0,0,1,0,0,0,0,0,0,0,0,0,0,2,0,0,0,1,0,0,0,0,0,0,0,0,0,0,0,0,0,0,0,0,1,0,0,0,1,0,0
2020-03-21,10,19,3,7,18,0,3,13,3,4,15,0,1,4,13,9,27,0,1,6,1,1,8,3,3,11,4,0,0,5,0,4,0,0,1,1,7,2,1,3,0,2,8,0,2,0,2,0,1,3,1,0,1,0,2,0,0,0,0,1,1,0,0,0,0,0,0,0,6,0,0,1,2,0,3,0,1,0,0,0,6,0,0,0,1,0,0,1,1,0,0,3,0,2,0,0,1,0,0,0,0,1,0,0,0,0,0,0,2,0,0,0,0,1,0,0,0,0,0,0,1,0,0,0,0,0,1,0,0,0,0,0,0,0,1,0,0,0,0,0,0,1,0,0,0,0,0,0,0,0,0,0,0,0,0,0,0,1,0,1,0,0,0,0,0,0,0,0,1,1,0,0,0,0,0,0,0,0,0,0,0,0,0,0,0,0,0
2020-03-22,10,17,5,5,15,0,4,14,2,2,16,2,0,6,17,14,28,3,0,3,2,2,1,2,2,7,0,0,1,6,0,3,2,0,0,1,7,3,4,2,4,5,4,2,2,0,2,0,1,3,0,0,1,0,1,0,0,0,0,1,1,0,0,0,1,1,0,0,9,1,2,0,0,0,2,2,1,1,0,0,5,0,0,0,1,0,3,2,0,0,0,6,0,1,2,0,0,0,0,0,0,0,0,0,0,0,0,0,0,1,0,0,0,0,0,1,0,0,0,0,1,0,0,0,1,0,2,0,0,0,0,0,0,1,0,0,0,0,0,0,0,0,0,0,0,0,0,0,1,0,0,0,0,0,0,0,0,0,0,0,0,0,0,0,0,0,0,0,0,0,0,0,0,0,0,0,1,0,0,0,0,0,0,0,0,0,0
2020-03-23,8,17,7,5,13,0,7,10,1,1,18,1,1,5,14,11,28,0,0,6,2,0,5,3,9,10,4,0,0,6,0,7,2,0,1,0,3,3,2,0,10,6,4,4,0,0,0,1,0,6,0,0,1,0,1,1,0,0,0,1,1,1,0,1,2,0,0,0,3,0,1,0,1,0,2,0,1,0,0,1,3,0,0,0,1,0,0,0,0,1,0,6,0,1,2,0,0,0,0,0,0,0,0,0,0,0,0,0,0,2,0,1,0,1,0,0,0,0,0,0,0,1,0,0,0,0,1,0,0,0,0,0,0,0,0,0,0,0,0,0,0,0,0,0,0,0,0,0,3,0,0,0,0,0,0,0,1,0,0,0,0,1,0,0,0,1,0,0,0,0,0,0,0,0,0,0,0,0,0,0,0,0,0,0,0,0,0
2020-03-24,5,22,3,5,14,1,2,14,3,6,19,1,0,4,4,18,36,1,0,4,1,1,6,3,2,15,2,0,1,8,0,6,0,0,0,3,2,0,0,2,1,3,4,3,1,1,1,0,0,5,0,1,1,4,2,0,1,0,0,0,0,0,0,0,1,0,0,0,4,0,0,0,0,0,0,0,1,0,0,1,2,0,0,0,0,0,0,0,0,0,1,4,0,1,4,0,0,1,0,0,0,0,0,0,1,0,0,0,0,1,0,0,0,0,0,0,0,0,0,0,1,0,0,0,1,0,0,0,0,1,0,0,0,0,2,0,0,0,0,0,0,0,0,0,0,0,0,0,0,0,0,3,0,0,0,0,0,0,0,0,0,0,0,0,0,0,0,0,0,0,0,0,0,0,0,0,0,0,0,0,2,0,0,1,0,0,0
2020-03-25,11,25,6,3,14,1,3,13,5,4,23,2,1,5,9,11,35,0,0,5,1,1,2,1,7,11,1,0,1,10,0,3,1,0,1,1,7,1,0,1,2,3,6,1,0,1,0,0,3,7,0,0,2,1,1,0,0,0,0,0,5,0,0,0,1,0,0,0,3,2,1,0,1,0,2,0,1,0,0,0,0,0,0,0,0,1,0,0,4,0,0,7,0,2,0,0,3,0,1,0,0,1,0,1,1,0,0,0,0,4,0,0,0,0,0,0,0,0,0,0,0,0,0,0,0,0,0,0,0,1,0,0,0,0,0,0,0,2,0,0,0,0,0,0,0,0,0,1,1,0,0,0,0,0,0,0,0,0,0,0,0,0,0,0,0,0,1,0,0,0,0,0,0,0,0,0,0,0,0,0,0,0,0,0,0,0,0
2020-03-26,8,26,7,3,13,1,2,17,1,1,14,0,2,4,5,13,38,0,0,1,0,0,6,3,10,20,3,1,1,4,0,4,1,1,1,1,4,0,0,3,2,2,2,3,0,1,1,2,0,5,1,0,3,0,2,1,0,0,0,1,4,1,0,1,1,0,0,1,3,0,0,1,0,0,1,0,1,0,0,2,3,0,0,0,0,0,0,0,3,0,0,5,0,0,3,0,0,1,0,0,0,0,0,0,0,0,0,0,0,1,1,0,0,0,0,0,0,0,0,0,1,0,0,0,0,0,1,0,0,0,0,0,0,1,0,1,0,0,0,0,0,1,0,0,0,0,0,0,0,0,0,0,0,0,0,0,0,0,0,0,0,0,0,0,0,0,0,0,1,0,0,0,0,0,0,0,0,0,0,0,0,0,0,0,0,0,0
2020-03-27,8,18,7,7,12,1,5,15,5,3,15,2,1,5,9,13,34,0,0,3,1,1,2,2,6,11,7,0,3,10,0,4,0,1,1,4,3,1,1,1,2,2,3,4,1,0,0,0,1,2,0,1,5,0,3,0,1,0,0,5,5,0,0,0,1,0,1,1,1,1,1,2,1,0,1,1,0,0,0,0,2,0,0,0,0,0,0,2,0,0,0,4,0,3,2,0,0,0,0,0,0,1,0,0,0,0,0,0,0,3,0,0,0,0,0,0,0,0,0,0,0,0,0,0,0,0,2,0,0,0,0,0,0,0,0,0,0,0,0,0,0,0,0,0,0,1,0,1,0,0,0,0,0,0,0,0,0,0,0,0,0,0,0,0,0,0,0,0,0,0,0,0,0,0,0,0,0,0,0,0,0,0,0,0,0,0,0
2020-03-28,11,18,5,8,16,2,2,12,10,0,18,2,0,2,7,14,31,0,0,5,2,0,3,0,7,13,4,0,2,4,0,2,1,0,1,5,3,0,1,1,6,5,5,2,1,0,1,1,0,3,1,0,1,0,0,0,0,0,0,0,2,0,0,0,2,0,0,0,2,0,0,0,1,0,1,1,1,0,0,0,2,0,0,0,1,0,1,0,2,0,0,6,0,1,4,0,1,0,0,0,0,0,0,0,0,0,0,0,0,3,0,0,0,0,0,0,0,0,0,0,0,0,0,0,0,0,2,0,0,0,0,0,0,0,0,0,0,0,0,0,0,0,0,0,0,0,0,0,0,0,0,0,0,0,0,0,0,0,0,0,0,0,0,0,0,1,1,0,0,1,0,0,0,0,0,0,0,0,0,0,0,0,0,0,0,0,0
2020-03-29,8,17,5,5,23,0,3,15,2,2,25,1,1,0,6,8,30,0,0,3,0,1,3,5,4,15,1,0,1,10,0,5,3,1,1,5,5,2,1,2,11,4,1,2,1,0,0,0,4,2,1,1,2,1,1,0,2,0,0,1,6,0,1,0,0,1,0,0,3,1,0,0,1,0,0,0,2,0,0,0,4,0,0,0,0,1,2,2,0,0,0,2,0,0,2,0,0,0,0,0,0,1,0,0,0,0,0,0,0,0,0,0,0,0,0,0,0,0,0,0,0,0,1,0,0,0,1,0,0,0,1,0,0,0,1,1,0,1,0,0,0,0,0,0,1,0,0,0,1,0,0,0,0,0,0,0,0,0,0,0,0,0,0,0,0,0,0,0,0,0,0,0,0,0,0,0,0,0,0,0,0,0,0,0,0,0,0
2020-03-30,9,22,9,7,18,0,3,18,8,0,16,0,1,1,12,8,29,2,1,4,1,0,7,2,4,13,3,0,1,4,1,5,0,0,3,5,7,0,4,3,7,7,4,1,1,0,2,0,0,3,0,0,1,0,0,0,1,0,1,0,3,0,0,0,0,0,0,0,2,0,0,1,0,0,2,0,1,0,0,0,4,0,0,2,3,1,0,2,3,0,0,6,0,0,0,0,0,0,1,0,0,0,0,0,0,0,0,0,0,2,0,0,0,0,0,0,0,0,0,0,0,0,0,0,0,0,1,0,0,0,0,0,0,0,0,0,0,0,0,0,0,0,0,0,0,0,0,0,2,0,0,0,0,0,0,0,1,0,0,0,0,0,0,0,0,0,1,0,0,0,0,0,0,0,0,0,0,0,0,0,1,0,0,0,0,0,0
2020-03-31,10,26,7,6,13,0,2,15,4,1,16,2,0,10,11,10,28,1,0,3,3,0,2,2,7,7,3,2,2,9,0,2,3,1,5,2,4,0,1,3,4,4,3,1,0,0,0,0,1,3,0,0,0,0,0,0,0,0,0,1,2,0,0,0,2,1,1,0,3,0,1,0,0,0,1,0,3,0,0,0,0,0,0,0,0,1,1,0,0,0,0,5,0,3,0,0,2,0,0,0,0,0,0,0,0,0,0,0,1,3,0,0,0,3,0,0,0,0,0,0,0,0,0,0,0,0,0,0,0,0,0,0,0,1,0,2,0,0,0,0,0,0,0,0,0,0,0,0,0,0,0,0,0,0,0,0,2,0,0,1,0,1,0,0,0,0,1,0,1,0,0,0,0,0,0,0,0,0,0,0,0,0,0,0,0,0,0
2020-04-01,9,25,7,6,20,1,6,13,8,2,20,4,0,1,15,12,31,1,0,2,1,0,2,4,6,15,1,0,2,8,0,5,2,0,1,5,2,0,1,3,2,9,4,5,1,0,1,0,0,6,0,1,0,2,3,0,0,0,0,2,6,0,0,0,0,0,0,0,2,0,1,1,1,0,1,0,0,0,0,1,3,0,0,0,1,0,2,0,1,0,1,0,0,3,3,0,1,0,0,0,0,0,0,0,0,0,0,0,0,1,0,0,0,0,0,0,0,0,0,0,0,0,0,0,0,0,3,0,0,0,0,0,0,0,0,1,0,0,0,0,0,0,0,0,0,1,0,0,1,0,0,0,0,0,0,0,0,0,0,1,0,0,0,0,0,0,0,1,0,0,0,0,0,1,0,0,0,0,0,0,0,0,0,0,0,0,1
2020-04-02,7,18,3,4,16,0,4,10,3,1,14,0,1,3,14,12,39,2,0,6,2,0,3,4,8,14,2,0,1,7,0,1,0,0,6,4,4,1,0,5,4,4,3,4,1,0,0,0,1,1,1,0,3,0,3,0,0,0,0,1,4,0,0,2,1,0,0,0,2,0,1,0,0,0,3,0,0,0,0,0,5,0,0,0,0,0,0,0,2,0,0,5,0,0,1,0,0,0,0,0,0,0,0,1,0,0,0,0,1,0,0,0,0,0,0,0,0,0,0,0,0,0,0,0,0,0,0,0,0,0,0,0,0,0,1,0,0,0,0,0,0,0,0,0,1,0,0,0,2,0,0,0,0,0,0,0,0,0,0,0,0,0,0,0,0,0,0,0,0,1,0,0,0,0,0,0,0,0,0,0,0,0,0,0,0,0,0
2020-04-03,7,13,13,5,16,3,5,15,6,2,21,0,1,5,14,5,41,1,0,2,3,0,1,6,5,9,4,0,0,6,0,0,1,1,7,5,7,0,2,1,6,10,3,4,2,1,2,0,0,3,0,0,1,2,1,1,0,0,0,0,4,0,0,1,1,0,0,0,5,0,1,0,3,0,3,0,1,0,0,0,1,0,0,1,0,0,0,0,0,0,0,5,0,2,2,0,0,0,0,0,0,1,0,0,0,0,0,0,1,2,0,0,0,0,0,0,0,0,0,0,2,0,0,0,0,0,1,0,0,1,0,0,0,0,1,0,0,1,0,0,0,0,0,0,0,0,0,1,1,0,0,0,1,0,0,0,1,0,0,1,0,1,0,0,0,0,0,0,0,1,0,0,0,0,1,0,0,0,0,0,1,0,0,0,0,0,0
2020-04-04,9,20,3,5,20,0,2,15,9,1,21,3,0,2,6,20,35,0,1,4,3,0,3,4,6,8,3,0,1,5,0,3,2,1,8,6,4,0,2,2,6,9,8,4,0,0,0,1,1,1,0,0,2,0,1,0,1,0,0,1,2,1,0,1,1,0,0,1,3,0,1,0,0,0,0,0,2,0,0,0,5,0,0,0,1,0,1,1,1,0,0,5,0,1,2,0,2,0,0,0,0,0,0,1,0,0,0,0,0,2,0,0,0,0,0,0,0,0,0,0,1,0,0,0,0,0,1,0,0,0,0,0,0,0,0,0,0,0,0,0,0,0,0,0,0,0,0,0,1,0,0,0,0,0,0,0,0,0,0,1,0,0,0,0,0,0,0,0,0,0,0,0,0,0,0,0,0,0,0,0,0,0,0,0,0,0,0
2020-04-05,6,19,1,7,25,1,2,14,4,3,21,1,0,2,15,12,35,0,0,6,2,0,1,2,4,9,1,0,1,14,0,2,1,0,1,8,3,4,0,2,4,5,1,4,0,0,0,0,1,4,0,0,2,0,4,0,0,0,0,0,5,0,0,0,1,0,1,0,2,0,0,0,1,0,0,0,0,0,0,1,1,0,0,0,0,0,0,0,0,0,0,1,0,1,2,0,0,0,0,0,0,0,0,0,0,0,0,0,0,3,1,0,0,0,0,0,0,0,0,0,0,0,0,0,0,0,2,0,0,0,0,0,0,0,0,1,0,0,0,0,0,0,0,0,0,0,0,0,1,0,0,0,0,0,0,0,0,0,0,0,0,0,0,0,0,0,0,0,0,1,0,1,0,0,0,0,0,0,0,0,0,0,0,0,0,0,0
2020-04-06,9,29,5,12,17,0,2,11,5,0,12,1,1,3,12,8,36,0,1,7,0,0,4,2,4,11,3,0,2,6,0,2,0,1,6,8,5,0,0,2,5,1,5,0,0,0,1,0,1,4,1,0,1,0,0,0,0,0,0,0,2,1,0,2,1,1,0,1,4,0,0,0,1,1,2,0,1,0,0,1,4,0,0,1,1,0,0,0,0,0,0,1,0,0,0,0,0,0,1,0,0,0,0,0,0,0,0,0,0,2,0,1,0,0,0,0,0,0,0,0,1,0,0,0,0,0,2,0,0,0,0,0,0,0,2,0,1,0,0,0,0,0,0,0,0,0,0,0,3,0,0,0,0,0,0,0,0,0,0,0,0,0,0,0,0,0,1,0,0,0,0,0,0,0,0,0,0,0,0,0,0,0,0,0,0,0,0
2020-04-07,7,16,3,5,22,1,3,1,3,1,15,1,3,5,5,9,43,0,1,8,2,0,0,3,3,15,1,0,3,6,0,5,0,0,6,9,4,5,2,4,10,11,1,3,0,0,1,0,2,4,0,0,2,2,2,1,0,0,1,1,2,0,0,1,1,0,2,0,3,0,0,0,1,0,0,0,0,0,0,0,3,1,0,1,0,0,0,1,0,0,0,6,0,2,2,0,0,0,0,0,0,0,0,0,0,0,0,0,2,1,0,0,0,0,0,0,0,0,0,0,1,0,0,1,0,0,3,0,0,0,0,0,0,0,1,0,0,1,0,0,0,0,0,0,0,0,0,0,0,0,0,0,0,0,0,0,0,0,0,0,0,0,0,0,0,0,0,0,0,0,0,0,0,0,1,0,0,0,0,0,0,0,0,0,0,0,0
2020-04-08,7,25,5,7,18,2,5,8,2,2,15,2,1,2,7,14,20,1,0,2,1,0,5,2,5,13,1,0,2,9,0,2,2,1,11,5,2,5,3,4,2,7,7,1,1,0,1,0,3,4,0,0,3,2,0,0,0,0,1,0,3,0,1,3,5,0,0,1,5,0,0,1,0,0,1,0,1,0,0,0,0,0,0,0,0,0,1,0,0,1,0,4,0,1,2,0,0,0,0,0,0,0,0,1,0,0,0,0,0,1,0,0,0,0,0,0,0,0,0,0,0,0,0,0,0,0,0,0,0,0,0,0,0,0,0,0,0,0,0,0,0,0,1,0,0,0,0,0,2,0,0,0,0,0,0,0,0,0,0,1,0,1,0,0,0,0,0,0,0,0,0,0,0,0,0,0,0,0,0,0,0,0,0,0,0,0,0
2020-04-09,2,18,8,4,14,1,3,14,2,2,22,0,0,5,11,13,36,1,0,3,2,0,2,3,9,8,5,0,1,9,0,5,1,1,9,2,6,1,2,2,3,3,5,0,0,0,1,0,0,4,0,0,1,0,2,0,0,0,0,2,3,0,1,0,0,0,0,1,1,0,0,0,0,0,0,0,0,0,0,0,2,0,0,1,0,0,2,0,1,0,0,1,0,2,1,0,0,0,0,0,0,0,0,0,0,0,0,0,2,3,0,0,0,0,0,0,0,0,0,0,0,0,0,0,0,0,3,0,0,0,0,0,0,0,0,0,0,1,0,0,0,0,0,0,0,0,0,0,0,0,0,1,0,0,0,0,0,0,0,0,0,1,0,0,0,0,0,0,1,0,0,0,0,0,0,0,0,0,0,0,0,0,0,0,0,0,0
2020-04-10,8,24,3,4,25,1,3,11,6,4,23,1,1,5,9,8,14,0,0,2,1,0,3,2,5,15,5,1,2,6,0,3,2,1,7,5,10,3,1,2,2,9,7,2,0,0,0,0,0,4,1,1,1,0,3,0,0,0,0,0,2,0,1,2,2,0,1,0,4,0,1,0,0,0,2,0,1,0,0,0,3,0,0,0,0,0,0,0,0,0,0,5,0,0,3,0,0,0,0,0,0,1,0,2,0,0,0,0,0,1,0,0,0,0,0,0,0,0,0,0,1,0,0,0,1,0,3,0,0,0,0,0,0,0,0,1,0,0,0,0,0,0,0,0,0,0,0,0,3,0,0,0,0,0,0,0,0,0,0,0,0,0,0,0,0,0,0,0,0,0,0,0,0,0,0,0,0,0,0,0,0,0,0,0,0,0,0
2020-04-11,8,25,9,9,19,2,6,9,6,3,15,0,0,4,11,15,20,0,0,5,3,1,2,2,7,7,3,0,1,5,0,4,2,0,8,6,7,1,2,4,6,5,5,3,2,0,1,0,0,1,0,0,5,1,0,1,0,0,0,1,5,0,0,1,0,0,0,0,4,0,0,0,1,0,0,0,2,0,0,0,2,0,0,1,0,0,0,1,0,1,0,1,0,1,6,0,0,1,0,0,0,0,0,1,0,0,0,0,1,1,0,0,0,0,0,0,0,0,0,0,1,0,0,0,2,0,1,0,0,0,0,0,0,0,0,0,0,0,0,0,1,0,0,0,0,0,0,0,0,0,0,0,0,0,0,0,0,0,0,0,0,0,0,0,0,1,0,0,0,0,0,0,0,0,0,0,0,0,0,0,1,0,0,0,0,0,0
2020-04-12,12,19,8,5,13,0,2,9,4,3,20,0,0,2,10,17,29,2,1,3,1,0,2,1,2,15,0,0,0,10,0,3,1,2,4,3,4,1,2,7,1,3,3,2,2,0,0,0,0,4,0,2,0,2,5,1,1,0,0,0,2,0,0,0,1,0,0,0,2,0,0,0,0,0,0,0,1,0,0,0,1,0,0,2,0,0,0,0,2,0,0,4,0,2,1,0,0,0,0,0,0,0,0,0,0,0,0,0,0,2,0,0,0,0,0,0,0,0,0,0,1,0,0,0,0,0,1,0,0,0,0,0,0,1,0,0,0,0,0,0,0,0,0,0,0,0,0,0,0,0,0,0,0,0,0,0,1,0,0,0,0,0,0,0,0,0,0,0,0,0,0,0,0,0,0,0,0,0,0,0,0,0,0,0,0,0,0
2020-04-13,10,17,3,6,29,2,4,3,3,3,19,0,2,4,10,14,33,0,0,1,4,1,4,3,4,7,6,1,0,9,0,4,0,0,10,2,3,3,1,6,5,6,3,2,0,0,0,1,1,4,0,0,4,0,1,0,1,0,0,1,1,0,0,0,0,0,1,1,1,0,0,0,0,0,4,0,1,0,0,0,1,0,0,1,2,0,2,0,0,0,0,6,0,1,4,0,0,1,0,0,0,0,0,0,0,0,0,0,0,2,0,0,0,1,1,1,2,0,0,0,0,0,0,0,0,0,2,1,0,0,0,0,0,1,0,0,0,0,0,0,0,0,0,0,0,0,0,0,0,0,0,0,0,0,0,0,1,0,0,0,0,0,0,0,0,0,0,0,0,0,0,0,0,0,0,0,0,0,0,0,1,0,0,0,0,0,0
2020-04-14,10,18,7,8,19,0,2,12,8,2,22,1,1,3,4,13,29,0,0,7,3,0,3,6,6,6,2,0,2,4,0,6,1,0,4,11,8,1,1,3,5,3,3,1,0,0,1,0,0,4,1,1,1,0,3,1,0,0,0,1,3,0,0,4,1,0,0,0,2,1,0,0,1,0,1,0,0,0,0,0,1,0,0,0,0,0,2,0,1,0,1,6,0,0,1,0,1,0,0,0,0,0,0,1,0,0,0,0,0,1,0,0,0,1,0,0,0,0,0,0,1,0,0,1,0,0,2,1,0,0,0,0,0,0,3,0,0,0,0,0,0,0,0,0,0,0,0,0,1,0,0,0,0,0,0,0,0,0,0,1,0,0,0,0,0,1,0,0,0,0,0,0,0,0,0,0,0,0,0,0,0,0,0,0,0,0,0
2020-04-15,10,21,7,3,13,0,9,11,7,5,21,1,0,4,11,12,28,0,2,5,1,0,3,3,5,14,0,0,1,7,0,3,2,2,11,6,8,4,0,5,5,4,6,2,1,0,1,0,0,3,0,0,1,0,1,0,0,1,0,0,1,0,0,1,1,1,0,0,3,0,0,0,0,0,1,0,0,0,0,0,0,0,0,0,0,1,0,1,1,0,0,2,0,1,0,0,0,0,1,0,0,0,0,2,0,0,0,0,0,0,0,0,0,0,0,0,1,0,0,0,0,0,0,0,1,0,2,1,0,0,0,0,0,0,1,1,0,4,0,0,0,0,0,0,0,0,0,0,1,0,0,0,0,0,0,0,0,0,0,0,0,1,0,0,0,0,0,1,0,0,0,0,0,0,1,0,0,0,0,0,0,0,0,0,0,0,0
2020-04-16,6,15,12,3,16,0,6,14,3,3,11,0,0,3,8,12,32,2,0,4,7,0,5,2,4,12,0,0,0,9,0,0,1,0,8,4,7,1,0,3,3,8,6,2,0,0,1,1,1,6,0,0,2,1,1,0,1,0,0,0,3,0,0,2,1,1,0,0,4,0,5,0,2,0,0,1,1,0,0,0,2,0,0,0,0,1,0,1,0,0,0,8,0,0,3,0,0,0,0,0,0,0,0,0,0,0,0,1,0,0,0,0,0,0,0,0,0,0,0,0,1,0,0,0,0,0,0,0,0,1,0,0,0,0,0,0,0,0,0,0,0,0,0,0,0,0,0,0,0,0,0,0,0,0,0,0,1,0,0,1,0,0,0,0,0,0,1,1,1,0,0,0,0,0,0,0,0,0,0,0,0,0,0,0,0,0,0
2020-04-17,7,25,12,4,17,1,2,12,5,1,16,0,0,2,11,14,26,0,0,4,1,0,4,1,7,11,3,0,0,8,0,4,1,2,6,3,5,3,0,1,4,7,8,3,0,0,1,1,0,3,3,0,0,1,1,0,0,0,0,1,3,1,0,0,0,0,0,0,3,0,0,0,0,0,1,0,0,0,0,0,2,1,1,0,0,0,0,0,1,0,0,3,0,1,2,0,1,0,0,0,1,1,0,0,0,0,0,1,0,2,0,0,0,0,0,0,0,0,0,0,0,0,0,0,0,0,0,1,0,1,1,0,0,0,1,0,0,0,0,0,0,0,0,0,0,0,0,0,0,0,0,0,0,0,0,0,0,0,0,1,0,0,0,0,0,0,0,0,0,0,0,0,0,0,0,0,0,0,0,0,0,0,0,0,0,0,0
2020-04-18,5,29,7,10,14,0,1,13,6,0,17,1,0,5,9,10,23,0,0,5,1,1,6,2,3,12,2,0,3,9,0,3,2,3,7,7,8,2,2,4,3,3,4,2,0,2,0,0,0,3,0,0,3,0,1,0,0,0,0,2,3,0,1,1,0,0,0,1,5,1,1,1,0,0,0,0,0,0,0,1,5,0,0,0,1,0,1,0,2,0,0,4,0,1,2,0,0,0,0,0,1,0,0,0,0,0,0,0,0,0,0,0,0,0,0,0,0,0,0,0,0,0,0,0,0,0,0,0,0,0,0,0,0,0,0,0,0,0,0,0,0,0,0,0,0,1,0,0,2,0,0,0,0,0,0,0,0,0,0,0,0,0,0,0,0,0,0,0,0,0,0,0,0,0,1,0,0,0,0,0,1,0,0,0,0,0,0
2020-04-19,5,24,9,12,12,1,3,18,1,2,18,1,0,3,16,9,34,0,1,9,2,0,4,2,4,9,4,0,1,6,0,1,0,2,10,13,4,2,1,2,3,5,4,1,0,0,1,0,0,3,1,0,1,4,3,0,0,0,0,1,2,0,0,0,3,2,1,2,3,0,1,0,0,0,1,1,1,0,0,2,4,0,0,0,0,0,0,3,0,0,0,7,0,1,3,0,0,0,0,0,0,0,0,0,0,0,0,0,1,1,0,0,0,0,0,0,0,0,0,0,0,0,0,0,0,0,4,1,0,1,0,0,0,0,0,0,0,0,0,0,0,0,0,0,0,0,0,0,0,0,0,0,0,0,0,0,0,0,0,0,0,0,0,0,0,0,0,0,0,0,0,0,0,0,0,0,0,0,0,0,0,0,0,0,0,0,0
2020-04-20,9,17,6,9,17,0,3,18,4,0,24,0,1,2,8,16,30,0,2,3,6,0,5,4,3,15,2,0,1,4,0,5,1,1,10,5,6,3,2,3,3,5,5,1,1,0,0,0,1,6,1,0,3,0,0,0,0,0,0,1,1,0,0,1,2,0,0,1,2,0,0,0,0,0,2,1,1,0,0,0,2,0,0,1,0,0,0,0,3,0,1,4,0,1,3,0,1,0,0,0,0,0,0,0,0,0,0,0,0,1,0,0,0,0,0,1,0,0,0,0,0,0,0,0,0,0,1,0,0,0,0,0,0,0,1,0,0,0,0,0,1,0,0,0,0,0,0,0,1,0,1,0,0,0,0,0,0,0,0,0,0,0,0,0,0,0,1,0,0,0,0,0,0,0,1,0,0,1,0,0,0,0,0,0,0,0,0
2020-04-21,4,21,3,11,17,2,1,5,3,0,16,2,0,4,16,16,28,0,0,5,5,0,1,2,11,16,3,0,0,6,0,1,3,0,11,8,4,0,1,3,3,7,3,0,0,0,1,1,0,5,1,0,3,1,4,0,0,0,0,0,1,0,2,1,0,0,0,0,4,0,0,0,0,0,1,0,1,0,0,0,0,0,0,0,0,0,2,1,0,0,0,0,0,1,2,0,0,0,1,0,0,0,0,1,0,0,0,0,0,2,0,0,0,0,0,0,0,1,0,0,0,0,0,1,0,0,1,0,0,0,1,0,0,0,0,0,0,1,0,0,0,0,0,0,0,0,0,0,0,0,0,0,0,0,0,0,0,0,0,0,0,0,0,0,0,0,1,1,1,1,0,0,0,0,1,0,0,0,0,0,0,0,0,0,0,0,0
2020-04-22,8,18,4,4,17,4,5,18,3,1,19,2,0,4,13,12,39,0,1,5,2,1,2,1,4,11,3,0,1,11,0,2,0,2,5,10,6,0,0,2,5,0,2,6,1,0,1,0,2,2,0,0,4,0,2,0,0,0,0,0,2,0,0,0,0,0,0,0,5,0,0,0,1,0,1,0,1,0,0,0,3,0,0,0,1,0,0,0,2,0,0,10,0,1,3,0,1,0,1,0,0,0,0,1,0,0,0,0,0,0,0,0,0,0,0,0,0,0,0,0,0,0,0,0,0,0,0,0,0,0,1,0,0,0,3,0,0,2,0,0,0,0,0,0,0,0,0,0,0,0,0,0,0,0,0,0,0,0,0,0,0,1,0,0,0,1,0,0,0,0,0,0,0,0,0,0,0,0,0,0,0,0,0,0,0,0,0
2020-04-23,2,16,9,8,14,0,2,16,7,2,22,0,0,4,11,8,40,0,0,1,2,1,5,3,8,9,3,0,1,3,0,4,2,3,8,7,10,2,1,0,3,3,7,3,1,0,1,0,0,3,0,0,4,0,0,1,0,0,0,1,2,0,0,0,1,0,0,0,4,0,0,0,0,0,0,0,1,0,0,0,4,0,0,0,0,0,0,0,1,0,0,2,0,1,0,0,0,0,1,0,0,2,0,1,0,0,0,0,1,1,0,0,0,0,0,0,0,0,0,0,2,0,0,0,0,0,0,0,0,0,0,0,0,0,0,1,0,0,0,0,0,0,0,0,0,0,1,0,1,0,0,0,0,0,0,0,0,0,0,0,0,0,0,0,0,0,0,0,0,0,0,0,0,0,0,0,0,0,0,0,0,0,0,0,0,0,0
2020-04-24,8,18,7,5,10,1,1,10,3,2,17,0,1,6,10,9,36,1,0,4,1,0,3,7,8,11,1,0,2,18,0,4,3,2,9,7,2,3,0,1,4,4,3,0,0,0,0,0,2,1,0,0,3,0,1,0,1,0,0,1,1,1,0,0,3,0,0,0,0,0,0,0,2,0,2,0,1,0,0,0,5,1,0,0,0,0,1,1,0,0,1,5,0,0,4,0,0,0,0,0,0,0,0,1,0,0,0,0,1,1,0,0,0,1,0,0,0,0,0,0,1,0,0,0,0,0,0,0,0,1,0,0,0,0,1,0,0,3,0,0,0,0,0,0,0,0,0,0,0,0,0,0,0,0,0,0,0,0,0,1,0,0,0,0,0,0,0,0,0,0,0,0,0,1,0,0,0,0,0,0,1,0,0,0,0,0,0
2020-04-25,9,28,7,5,14,0,5,11,3,2,18,1,1,3,15,9,22,0,1,7,1,1,1,4,3,8,5,0,1,9,0,4,1,0,7,11,8,2,3,5,6,6,3,4,0,0,1,0,0,1,0,0,1,0,1,0,0,0,1,0,4,0,0,2,5,0,0,1,2,0,2,0,0,0,0,0,3,1,0,0,5,0,0,0,1,0,2,1,0,0,0,2,0,2,2,0,0,0,0,0,0,1,0,0,0,0,0,0,1,1,0,0,0,0,0,0,0,0,0,0,0,0,1,0,0,0,4,1,0,0,0,0,0,0,0,0,0,0,0,0,0,0,0,0,0,0,0,1,1,0,0,0,0,0,0,0,0,0,0,0,0,0,0,0,0,0,1,0,0,0,0,0,0,0,0,0,0,0,0,0,0,0,0,0,0,0,0
2020-04-26,3,13,4,8,13,2,8,7,6,3,13,1,2,0,11,10,31,0,0,3,1,0,4,4,4,7,3,0,4,7,1,5,0,0,13,7,10,0,4,3,11,6,5,3,0,0,1,0,1,2,0,0,2,1,3,0,0,0,0,2,2,0,1,0,0,0,0,0,5,0,1,0,2,0,0,0,1,1,0,1,6,1,0,0,0,0,0,2,1,1,0,8,0,2,1,0,1,0,0,0,0,0,0,0,0,0,0,0,4,0,0,0,0,2,0,0,0,0,0,0,1,0,0,0,0,0,2,0,0,0,0,0,0,0,1,0,1,0,1,0,0,0,0,0,0,0,0,0,1,0,0,0,0,0,0,0,0,0,0,0,0,0,0,0,0,0,0,0,0,0,0,0,0,0,0,0,0,0,0,0,0,0,0,0,0,0,0
2020-04-27,11,26,7,6,16,1,2,10,7,2,22,1,1,3,11,15,42,0,0,5,0,2,8,3,6,10,3,2,3,7,0,6,1,0,14,10,6,2,0,1,4,4,4,3,0,0,1,0,0,5,2,0,0,0,1,0,0,0,0,1,3,0,0,0,1,0,0,0,4,0,0,0,1,0,1,0,2,0,0,1,3,0,0,2,1,0,0,0,1,0,0,2,0,0,3,0,0,0,0,0,0,0,0,0,0,0,0,1,1,0,0,0,0,0,0,0,0,0,0,2,0,0,0,0,0,0,2,0,0,0,0,0,0,0,0,0,0,1,0,0,0,1,0,0,0,0,0,0,0,0,0,0,0,0,0,0,0,0,0,0,0,0,0,0,0,0,0,0,0,0,0,0,0,0,1,1,0,0,0,0,1,0,0,0,0,0,0
2020-04-28,8,15,6,1,10,0,0,13,5,2,11,0,1,0,13,14,40,0,0,7,2,0,2,3,8,10,2,1,1,18,0,5,3,3,8,17,3,5,1,0,2,3,8,2,0,0,0,0,1,6,0,0,1,0,1,1,0,0,0,0,2,0,0,1,0,0,1,0,1,0,0,0,1,1,2,1,1,0,0,0,2,1,0,0,0,0,1,0,0,0,0,4,0,3,1,0,0,0,1,0,0,0,0,1,0,0,0,0,0,1,0,0,0,0,0,0,0,0,0,0,0,0,0,0,0,0,1,0,0,0,1,0,0,0,0,0,0,2,0,0,0,0,0,0,0,0,0,0,2,0,0,0,0,0,0,0,1,0,0,0,0,0,0,0,0,0,0,0,1,0,0,0,0,0,0,0,0,0,0,0,0,0,0,0,0,0,0
2020-04-29,6,20,7,3,14,1,0,9,6,2,22,2,0,0,11,5,27,2,0,7,3,0,6,3,9,12,2,0,1,3,0,4,1,2,9,7,1,1,0,1,1,4,4,2,2,1,2,0,0,4,0,0,2,0,3,0,0,0,0,1,1,1,0,0,0,0,0,0,1,0,1,0,0,0,1,0,0,0,0,0,1,1,0,0,0,0,2,0,1,0,0,4,0,1,1,0,1,0,1,0,0,0,0,0,0,1,0,0,0,1,0,0,0,0,0,0,0,0,1,0,0,0,0,0,0,0,2,0,0,0,0,0,0,0,0,0,0,0,0,0,0,0,0,0,0,0,0,0,0,0,0,0,0,0,0,0,0,0,0,1,0,0,0,0,0,0,0,0,0,0,0,0,0,0,0,0,0,0,0,0,0,0,0,0,0,0,0
2020-04-30,4,18,12,5,23,1,4,11,3,2,25,4,1,3,12,16,26,0,4,5,1,0,3,3,8,3,3,0,3,9,0,1,0,3,13,7,4,2,1,1,7,3,4,3,0,0,0,1,0,6,0,0,1,0,1,0,0,0,0,7,1,0,0,0,0,1,0,2,2,0,0,0,0,0,2,0,0,0,0,0,2,0,0,0,0,0,1,2,0,0,0,4,0,2,2,0,0,0,0,0,0,3,0,0,0,0,0,0,0,0,0,0,0,2,1,1,0,0,0,0,0,0,0,0,0,0,1,0,0,0,0,0,0,0,0,0,0,0,0,0,0,0,0,0,0,0,0,0,1,0,0,0,0,0,0,0,0,0,0,0,0,0,0,0,0,1,0,0,0,0,0,0,0,0,0,0,1,0,0,0,0,0,0,0,0,0,0
2020-05-01,6,18,5,4,11,1,3,8,3,0,22,2,1,2,11,10,33,0,0,8,0,0,3,8,8,10,2,0,4,14,0,8,0,0,11,12,5,2,1,3,5,2,4,2,0,0,2,0,1,2,0,0,0,0,4,0,0,0,0,0,0,0,1,1,1,0,0,1,3,0,1,1,1,0,1,0,2,0,0,1,2,1,0,0,1,0,0,1,0,0,0,1,0,1,1,0,0,0,0,0,0,0,0,0,0,0,0,0,0,0,0,0,0,0,0,0,0,0,0,1,0,0,1,0,0,0,1,0,0,0,0,0,0,0,0,0,0,1,0,0,0,0,0,0,0,0,0,0,1,0,0,0,0,0,0,0,0,0,0,0,0,0,0,0,0,0,0,0,0,0,1,0,0,0,1,0,0,0,0,0,0,0,0,0,0,0,0
2020-05-02,2,28,3,3,26,1,4,6,2,2,19,1,1,1,10,12,26,0,2,1,3,0,1,5,3,12,4,0,1,14,0,6,0,2,9,10,3,2,0,1,5,4,6,3,0,0,2,1,1,5,0,1,2,0,0,0,0,0,0,1,0,0,0,0,0,0,1,1,2,0,0,0,0,1,0,0,0,0,0,1,5,0,0,0,0,0,0,2,0,0,0,4,0,0,2,0,1,0,0,0,1,0,0,0,0,0,0,0,1,0,0,0,0,0,0,0,0,0,0,0,1,0,0,1,0,0,1,0,0,1,0,0,0,0,3,0,0,0,0,0,0,0,0,0,0,0,0,0,2,0,0,0,0,0,0,0,0,0,0,0,0,0,0,0,0,0,0,0,0,0,0,0,0,0,0,0,0,0,0,0,0,0,0,0,0,0,0
2020-05-03,6,20,3,4,25,0,2,4,3,3,22,1,0,3,10,11,25,2,0,6,0,0,2,2,9,12,2,0,0,5,0,5,1,0,19,14,7,0,1,3,9,2,3,2,0,0,0,0,2,4,0,0,1,2,2,0,0,0,0,0,2,1,0,1,1,2,2,0,4,0,0,0,0,0,2,0,1,0,0,2,2,0,0,1,1,0,1,0,2,0,0,6,0,1,1,0,0,0,0,0,0,0,0,0,0,0,0,0,1,0,0,0,0,0,0,0,0,0,0,0,2,0,1,1,0,0,1,0,0,0,0,0,0,0,0,0,0,0,0,0,0,1,0,0,0,0,1,0,0,0,0,0,0,0,0,0,0,0,0,0,0,0,0,0,0,0,0,0,1,0,1,0,0,0,1,0,0,0,0,0,1,0,0,0,0,0,0
2020-05-04,14,22,3,2,27,0,2,13,5,4,20,1,0,5,16,14,29,0,1,3,3,0,7,3,0,15,3,0,2,11,0,6,1,0,15,6,9,2,0,2,3,9,3,1,1,1,1,1,1,11,0,0,3,0,1,1,1,0,0,0,1,0,0,2,0,0,0,0,3,1,1,0,0,0,0,0,1,0,0,0,4,0,0,1,0,0,0,0,2,0,0,3,0,0,1,0,2,0,0,0,0,0,0,0,0,0,0,0,1,0,0,1,0,0,0,0,2,0,0,0,1,0,0,0,0,0,1,0,0,0,0,0,0,1,2,0,0,0,0,0,0,0,0,0,0,0,0,0,2,0,0,0,0,0,0,0,0,0,0,0,0,0,0,0,0,0,0,0,0,0,0,0,0,0,1,0,0,0,0,0,0,0,0,0,0,0,0
2020-05-05,7,28,5,4,21,1,3,14,4,4,22,1,1,1,13,16,28,1,0,2,2,0,4,7,7,16,2,0,1,9,0,4,2,1,15,6,11,4,2,2,6,8,4,2,0,0,0,0,0,2,1,1,2,0,4,0,0,0,0,3,3,0,0,0,0,0,0,0,4,0,3,0,1,0,1,0,1,0,0,0,2,0,0,0,1,0,1,1,0,0,0,5,0,1,2,0,1,0,0,0,0,0,0,0,0,0,0,0,0,0,0,0,0,0,0,0,0,0,0,0,0,0,0,0,0,0,1,0,0,4,0,0,0,0,0,0,0,2,0,0,0,0,0,0,1,0,0,0,0,0,0,0,0,0,0,0,0,0,0,0,0,0,0,0,0,0,1,0,0,0,0,0,0,0,0,0,0,0,0,0,0,0,0,0,0,0,0
2020-05-06,6,19,2,7,29,2,3,11,8,2,18,3,1,3,13,8,33,0,2,4,1,0,3,6,5,11,2,0,1,10,0,3,1,1,22,9,6,1,0,2,3,3,5,4,0,0,0,1,0,3,0,0,2,0,0,0,0,0,0,5,1,0,0,0,2,0,0,1,1,0,1,0,0,0,4,0,0,0,0,0,3,0,0,1,0,1,1,1,3,0,0,5,0,0,2,0,0,0,0,0,0,1,1,0,0,0,0,0,0,0,0,0,0,0,0,2,0,0,0,0,1,0,0,1,0,0,2,0,0,1,0,0,0,0,0,0,0,0,0,0,0,0,0,0,0,0,0,0,1,0,0,0,0,0,0,0,0,0,0,2,0,0,0,0,0,0,0,0,0,0,0,1,0,0,0,0,0,0,0,0,0,0,0,0,0,0,0
2020-05-07,5,21,5,6,15,2,1,10,3,3,20,2,0,3,13,13,41,0,0,6,5,0,4,2,9,15,4,0,1,6,0,4,2,0,32,10,8,0,0,3,8,3,4,1,0,0,0,0,1,1,0,0,2,0,1,0,0,0,0,1,1,0,0,1,0,0,0,0,6,0,1,0,3,0,3,0,1,0,0,0,1,0,0,0,1,0,0,0,4,0,0,8,0,3,3,0,0,0,0,0,0,0,0,1,0,0,0,0,1,1,0,0,0,0,0,0,0,0,0,0,0,0,0,0,1,0,3,0,0,0,0,0,0,0,0,0,0,0,0,0,0,0,0,0,0,0,0,0,0,0,0,0,0,0,0,0,0,0,0,0,0,0,0,0,0,0,0,0,0,0,0,0,0,0,1,0,0,0,0,0,0,0,0,0,0,0,0
2020-05-08,2,17,10,3,19,3,2,7,8,6,19,0,0,1,4,16,31,0,1,11,5,0,4,5,5,12,1,0,1,10,0,2,1,1,19,15,10,1,1,2,2,3,7,1,2,0,1,1,0,3,0,1,1,0,2,0,0,0,0,2,1,0,1,1,2,0,0,0,1,0,0,0,1,0,1,0,2,0,0,0,2,0,0,2,0,0,1,0,2,0,0,7,0,2,3,0,0,0,0,0,0,0,0,0,0,0,0,0,2,1,0,1,1,0,0,0,0,0,0,1,1,0,0,0,0,0,4,0,0,0,0,0,0,0,1,0,0,1,0,0,0,0,0,0,0,0,0,0,0,0,0,0,0,0,0,0,0,0,0,1,0,0,0,0,0,0,2,0,0,0,0,0,0,0,0,0,0,0,0,0,0,0,0,0,0,0,0
2020-05-09,3,14,10,3,14,0,4,9,0,1,19,0,0,4,11,13,35,1,1,3,3,0,4,3,6,12,1,0,0,5,0,6,0,1,34,15,10,2,2,2,4,7,7,0,0,1,2,0,1,5,1,0,2,0,1,0,0,0,0,1,3,0,0,0,3,0,0,0,3,0,0,0,3,0,1,0,3,0,0,0,3,1,1,0,3,1,1,2,2,0,0,4,0,0,0,0,1,0,0,0,0,0,0,0,0,0,0,0,0,0,0,0,0,0,0,0,0,0,0,0,0,0,0,0,1,0,3,0,0,1,0,0,0,0,1,0,0,2,0,0,0,0,0,0,0,0,0,0,0,0,0,0,0,0,0,0,0,0,0,0,0,0,0,0,0,0,1,0,0,1,0,0,0,0,0,0,0,0,0,0,0,0,0,0,0,0,0
2020-05-10,7,22,5,7,18,0,4,17,6,3,17,1,0,6,15,7,31,1,0,5,2,0,7,5,7,7,3,0,2,9,0,3,0,0,33,15,6,2,2,5,2,7,3,2,1,1,0,0,0,4,1,0,2,0,3,0,0,0,0,1,2,0,0,1,0,0,1,0,6,1,0,0,0,0,0,0,1,0,0,0,1,0,0,1,1,0,0,0,3,0,0,7,0,1,1,0,0,0,0,0,0,1,0,0,0,0,0,0,3,0,0,0,0,0,0,0,0,0,0,0,1,0,0,0,0,0,2,0,0,0,0,0,0,0,0,0,0,1,0,0,0,0,0,0,0,0,0,0,1,0,0,0,0,0,0,0,0,0,0,0,0,0,0,0,0,0,0,0,0,0,0,0,0,1,0,0,0,0,0,0,0,0,0,0,0,0,0
2020-05-11,10,13,11,4,10,1,4,5,5,0,15,2,0,3,4,11,29,0,0,3,4,0,3,1,4,10,4,0,0,9,0,1,1,2,25,17,9,2,0,3,3,7,4,4,0,0,1,1,1,3,0,0,4,0,3,0,1,0,0,0,1,1,0,0,2,1,1,0,2,0,0,0,0,0,3,0,2,0,0,0,0,0,0,0,1,0,1,0,1,0,0,6,0,0,1,0,0,0,0,0,0,1,0,1,0,0,0,0,0,0,0,1,0,1,0,0,0,0,0,0,1,0,0,0,0,0,0,0,0,0,0,0,0,0,0,0,0,3,0,0,0,0,0,0,0,0,0,0,0,0,0,0,0,0,0,0,0,0,0,0,0,0,0,0,0,0,0,0,0,0,0,0,0,0,0,0,0,0,0,0,0,0,0,0,0,0,0
2020-05-12,3,17,4,9,16,3,2,8,3,3,16,1,1,1,11,11,26,0,1,2,2,0,4,3,9,9,3,0,1,6,0,0,3,0,32,11,4,2,2,0,3,5,4,2,0,0,1,0,1,3,0,0,3,0,1,0,0,0,0,0,4,2,0,1,2,1,0,0,3,0,1,0,0,1,3,0,0,0,0,0,1,0,0,0,1,0,0,2,2,0,0,7,0,1,0,0,0,0,0,0,1,1,0,0,0,0,0,0,1,1,0,0,0,0,0,0,1,0,0,0,0,0,0,0,1,0,3,0,1,0,0,0,0,0,0,0,0,2,0,0,0,0,0,0,0,0,0,0,0,0,0,0,0,0,0,0,1,0,0,0,0,0,0,0,0,0,0,0,1,0,0,0,0,0,0,0,0,0,0,0,0,0,0,0,0,0,0
2020-05-13,6,23,12,6,25,0,4,7,4,2,26,0,3,2,8,11,37,0,2,7,1,0,4,9,5,12,5,1,1,13,0,1,3,1,41,19,5,2,0,2,5,2,2,0,0,0,0,1,0,4,0,0,1,0,0,0,0,0,1,3,1,0,0,0,2,0,0,1,1,0,0,0,0,1,0,0,0,0,0,0,0,1,0,0,1,0,1,2,1,0,0,1,0,3,2,0,0,0,1,0,0,0,0,0,0,0,0,0,2,2,0,0,0,1,0,0,0,0,0,0,0,0,0,0,0,0,2,0,0,1,0,0,0,0,1,0,0,1,0,0,0,0,0,0,0,0,0,0,0,0,0,0,1,0,0,0,0,0,0,0,0,0,0,0,0,1,2,0,0,1,0,0,0,1,0,0,0,0,0,0,0,0,0,0,0,0,0
2020-05-14,11,32,10,6,19,1,2,11,2,2,25,0,2,2,8,13,34,3,0,3,4,0,2,4,2,14,6,0,3,10,0,3,0,2,42,27,6,3,1,2,2,6,6,2,1,0,0,0,2,1,0,0,1,0,2,0,0,0,0,1,3,0,0,0,2,0,0,0,0,0,1,0,1,0,1,0,1,0,0,0,1,0,0,0,0,0,0,2,3,0,0,4,0,2,0,0,0,0,0,0,0,0,0,1,0,0,0,0,0,1,0,0,0,0,0,0,0,0,0,0,0,0,0,0,0,0,1,0,0,0,0,0,0,0,2,0,0,1,0,1,0,0,0,0,0,0,0,0,1,0,0,0,0,0,0,0,0,0,0,0,0,0,0,0,0,0,1,0,0,0,1,0,0,0,0,0,0,0,0,0,1,0,0,0,0,0,0
2020-05-15,4,27,10,2,16,0,6,11,5,3,32,3,1,2,5,7,31,0,0,7,5,0,7,5,3,12,0,0,2,9,0,4,4,2,43,10,6,5,0,0,7,6,3,2,0,0,1,2,0,3,0,0,3,0,2,1,0,0,0,2,5,0,1,0,1,1,0,0,5,1,1,0,2,0,1,0,0,0,0,0,3,0,0,0,1,0,2,4,1,0,0,4,0,0,6,0,0,0,0,0,0,0,0,0,0,0,1,0,1,1,0,0,0,0,0,0,0,0,0,0,3,0,0,0,0,0,0,0,0,0,0,0,0,1,1,1,0,0,0,0,0,0,0,0,0,0,0,0,0,0,0,0,0,0,0,0,0,0,0,2,0,0,0,0,0,0,1,0,1,1,0,0,0,0,0,0,0,0,0,0,1,0,0,0,0,0,0
2020-05-16,14,23,4,10,19,1,4,11,4,2,13,1,0,4,5,5,37,1,0,10,2,0,6,3,2,16,3,0,1,11,0,1,1,2,61,21,6,1,0,0,3,9,7,1,1,0,1,0,0,5,0,0,1,0,2,1,0,0,0,2,1,1,0,0,2,0,0,0,5,0,1,0,0,0,0,0,0,0,0,0,2,0,0,0,1,0,0,0,3,0,0,4,0,1,5,0,1,0,0,0,0,0,0,0,0,0,0,0,2,0,0,0,0,0,0,0,0,0,0,1,0,0,0,0,0,0,1,0,0,0,0,0,0,0,0,0,0,0,0,0,0,0,0,0,0,0,0,0,0,0,0,0,0,0,0,0,0,0,0,0,0,0,0,0,0,0,0,0,0,0,0,0,0,0,0,0,0,0,0,0,0,0,0,0,0,0,0
2020-05-17,10,22,6,6,22,1,3,10,3,5,23,0,0,3,7,15,37,0,1,5,1,2,0,5,3,7,4,0,0,2,0,3,1,2,56,29,8,3,0,0,8,4,2,3,0,0,3,0,1,7,1,0,2,1,0,0,0,0,0,1,4,0,0,0,0,0,1,0,1,0,0,1,0,0,1,0,0,0,0,0,2,0,0,0,0,0,0,1,1,0,0,3,0,1,3,0,0,0,1,0,0,0,0,0,0,0,0,0,0,1,0,0,0,0,0,0,0,0,0,0,0,0,0,0,0,0,3,1,0,1,0,0,0,0,0,0,0,0,0,0,0,0,0,0,0,0,0,0,0,0,0,0,0,0,0,0,1,0,0,0,0,0,0,0,0,0,0,0,0,0,0,0,0,0,0,0,0,0,0,0,0,0,0,0,0,0,0
2020-05-18,7,18,8,8,31,1,8,10,1,3,15,2,0,2,7,10,25,2,1,3,2,0,4,2,1,14,1,0,0,7,0,2,2,0,76,21,6,3,3,1,2,2,5,0,0,0,0,1,1,5,0,0,0,1,2,0,0,0,2,3,6,0,0,0,2,0,1,0,0,1,1,0,1,0,0,0,2,0,0,0,2,0,0,0,1,0,1,1,1,0,0,5,0,1,0,0,0,0,0,0,0,0,0,0,0,0,0,0,4,1,0,0,0,1,0,0,0,0,0,0,0,0,0,0,0,0,1,0,0,0,1,0,0,0,1,0,0,0,0,0,0,0,1,0,0,0,0,0,0,0,0,0,0,0,0,0,0,0,0,0,0,0,0,0,1,1,2,0,0,0,0,0,0,0,0,0,0,0,0,0,0,0,0,0,0,0,0
2020-05-19,7,27,5,2,32,1,7,9,4,2,20,0,0,2,12,15,24,1,1,7,3,0,5,5,7,12,4,1,2,13,0,3,3,1,73,18,6,5,1,4,4,8,4,0,2,0,2,0,1,5,3,0,0,1,5,0,0,0,0,0,2,0,0,0,1,0,1,0,6,0,1,1,0,1,2,0,0,0,0,1,1,1,1,0,0,0,0,0,0,0,0,2,0,2,1,0,0,0,0,0,0,0,0,0,0,0,0,0,0,0,0,0,0,0,0,0,0,0,0,0,4,0,0,0,0,0,0,0,0,0,0,0,0,0,1,0,0,1,0,0,0,0,0,0,0,0,0,0,0,0,0,0,0,0,0,0,0,0,0,0,0,0,0,0,0,0,1,0,0,0,0,0,0,0,1,0,0,0,0,0,0,0,0,0,0,0,0
2020-05-20,8,20,6,6,23,1,2,14,7,3,19,1,1,1,9,12,26,0,0,6,2,1,2,5,4,9,5,0,1,6,0,5,1,2,81,25,4,2,2,5,4,6,5,2,1,0,0,2,3,5,0,1,5,0,1,1,0,0,0,1,3,1,0,2,3,0,1,0,9,0,0,0,0,0,0,0,0,0,0,1,4,0,0,0,0,1,0,0,0,0,0,1,0,3,0,0,1,0,0,0,0,0,0,1,0,0,0,0,1,1,0,0,0,0,0,0,0,0,0,0,0,0,0,0,0,0,1,0,0,0,0,0,0,0,0,0,0,0,0,0,0,0,0,0,0,0,0,1,1,0,0,0,0,0,0,0,0,0,0,0,0,0,0,0,0,0,0,0,0,0,1,0,0,0,0,0,0,0,0,0,0,0,0,0,0,0,0
2020-05-21,8,19,4,5,22,1,5,10,4,2,25,1,2,2,7,11,37,0,0,5,4,0,6,2,7,7,1,0,3,8,1,3,1,0,78,39,7,0,2,2,0,3,3,3,0,0,0,0,1,4,0,0,2,1,0,0,0,0,0,0,3,0,0,0,4,0,0,0,4,0,0,0,0,1,0,0,0,0,0,0,1,0,0,0,0,0,2,1,2,0,0,1,0,0,2,0,0,0,0,0,0,0,0,1,0,0,0,0,0,0,0,0,0,1,0,2,0,0,0,0,0,0,0,0,0,0,2,0,0,1,0,0,0,0,0,0,0,2,0,0,0,0,0,0,0,0,0,0,0,0,0,0,0,0,0,0,0,0,0,0,0,0,0,0,0,0,0,0,0,0,0,0,0,0,0,0,0,0,0,0,1,0,0,0,0,0,0
2020-05-22,4,21,9,5,27,1,6,10,7,5,21,0,1,3,10,11,37,0,1,4,3,1,10,3,10,5,2,0,1,10,0,2,0,1,83,30,6,0,0,2,2,6,4,0,1,0,0,1,1,1,0,0,4,0,3,0,0,1,0,4,4,1,0,3,2,0,0,2,3,1,0,0,1,0,0,0,1,0,0,1,1,0,0,0,0,0,1,2,1,0,0,5,0,1,3,0,2,0,0,0,0,1,0,0,0,0,0,1,2,0,0,0,0,0,0,0,1,0,0,0,1,0,1,0,0,0,1,0,0,0,0,0,0,0,1,0,0,1,0,0,0,0,0,0,0,0,0,1,1,0,0,0,0,0,0,0,0,0,0,0,0,1,0,0,0,1,0,0,0,0,0,0,0,0,0,0,0,0,0,0,0,0,0,0,0,0,0
2020-05-23,10,17,8,4,17,0,8,8,6,5,22,1,1,1,13,16,27,1,1,7,2,1,5,5,4,6,6,0,1,14,1,5,0,0,107,39,10,2,0,2,4,5,6,1,0,0,2,0,2,1,2,0,2,0,3,1,0,0,0,0,0,0,0,0,1,0,0,1,1,0,0,0,0,0,0,0,2,0,0,0,3,1,0,0,0,0,2,1,5,0,0,6,0,1,2,0,0,0,0,0,0,0,0,1,0,0,0,0,0,1,0,1,0,0,0,0,0,0,0,0,1,0,0,0,0,0,4,0,0,0,0,0,0,0,0,0,0,0,0,0,0,0,0,0,0,0,0,2,0,0,0,0,0,0,0,0,0,0,0,0,0,0,0,0,0,0,0,0,1,0,0,0,0,0,1,0,0,1,1,0,0,0,0,0,0,0,0
2020-05-24,14,22,4,7,25,0,4,13,2,1,17,1,2,3,4,18,29,0,0,8,4,0,5,2,4,15,4,0,0,9,0,5,0,2,119,43,4,0,2,3,9,8,2,1,0,0,2,1,1,2,2,0,2,1,4,0,0,0,0,0,0,0,0,2,2,1,0,1,2,0,0,0,1,0,0,0,1,0,0,1,1,0,0,0,0,0,3,0,0,0,0,3,0,2,4,0,0,0,0,0,0,1,0,1,0,0,0,1,0,1,0,0,0,4,0,0,0,1,0,0,0,0,0,0,1,0,5,0,0,0,0,0,0,0,0,1,0,1,0,0,0,0,0,0,0,0,0,0,0,0,0,0,0,0,0,0,0,0,0,1,0,0,0,0,0,0,0,0,0,0,0,0,0,0,0,0,0,0,0,0,0,0,0,0,0,0,0
2020-05-25,6,25,8,3,23,0,4,7,5,5,34,0,1,4,12,6,30,0,4,5,1,0,8,2,5,16,1,0,1,12,0,1,0,1,100,44,8,3,1,2,3,16,8,5,0,0,0,1,0,1,3,0,3,1,2,0,1,0,0,1,3,1,0,1,2,0,0,0,3,0,2,1,1,0,2,0,3,0,0,2,4,0,0,0,0,0,1,0,0,0,0,6,0,1,1,0,0,0,0,0,0,0,0,0,0,0,0,0,0,1,0,0,0,0,0,0,0,0,0,0,0,0,0,1,0,0,2,0,0,0,0,0,0,0,0,0,0,0,0,0,0,0,0,0,0,0,0,0,0,0,0,0,0,0,0,0,0,0,0,0,0,0,0,0,0,0,0,0,0,0,0,0,0,0,0,0,0,0,0,0,0,0,0,0,0,0,0
2020-05-26,6,22,9,9,24,2,5,15,5,4,20,3,1,6,8,15,24,1,0,4,1,1,7,7,7,11,4,0,1,13,0,2,1,1,118,49,6,4,0,3,7,6,5,3,1,0,2,0,0,5,0,0,4,1,3,0,0,0,0,0,2,0,1,0,1,0,0,0,0,0,0,0,0,0,1,0,1,0,0,2,1,2,0,1,0,0,0,0,3,0,0,3,0,1,1,0,0,0,0,0,0,0,0,0,0,0,0,0,2,1,0,0,0,0,0,1,0,0,0,0,0,0,0,0,0,0,2,0,0,0,0,0,0,0,0,0,0,0,0,0,0,0,0,0,0,0,0,0,0,0,0,0,0,0,0,0,0,0,0,1,0,0,0,0,0,0,1,0,1,0,0,0,0,0,1,0,0,0,0,0,0,0,0,0,0,0,0
2020-05-27,9,16,8,7,21,0,2,14,7,1,22,0,1,5,9,16,27,0,2,7,6,0,3,3,6,15,0,0,2,21,0,3,0,5,141,54,4,2,0,2,3,4,10,0,2,1,1,0,2,3,1,0,6,2,5,1,0,0,0,0,3,1,0,1,4,0,0,0,3,0,0,0,0,0,1,0,0,0,0,0,1,1,0,0,0,0,0,2,0,0,0,3,0,3,7,0,1,0,0,0,0,0,0,0,0,0,0,0,3,1,0,0,0,1,0,0,0,0,0,0,0,0,0,0,1,0,0,0,0,0,0,0,1,1,0,0,0,0,0,0,0,0,0,0,0,0,0,0,0,0,0,0,0,0,0,0,0,0,0,0,0,1,0,0,0,0,0,0,0,0,0,0,0,0,0,0,0,0,0,0,0,0,0,0,0,0,0
2020-05-28,8,18,5,6,17,1,2,9,7,2,19,1,0,1,6,14,33,1,0,8,2,0,6,2,4,10,4,0,2,14,0,4,0,0,129,42,8,0,1,1,3,7,3,1,0,0,1,1,0,3,0,0,1,0,0,0,1,0,0,1,4,0,0,1,5,0,0,0,5,0,1,0,1,0,1,0,3,0,0,0,1,0,0,0,0,1,1,1,1,0,0,2,0,2,1,0,0,0,0,0,0,1,0,0,0,0,0,0,1,3,0,0,0,0,0,0,0,0,0,0,0,0,0,0,0,0,2,0,0,0,0,0,0,0,1,1,0,1,0,0,0,0,1,0,0,0,0,0,1,0,0,0,0,0,0,0,0,0,0,0,0,0,0,0,0,0,1,0,0,0,0,0,0,0,0,0,0,0,0,0,0,0,0,0,0,0,0
2020-05-29,3,21,8,3,24,0,2,13,6,1,20,1,0,3,12,13,32,1,2,4,2,0,4,5,6,8,0,0,0,11,0,1,4,0,141,54,4,2,0,3,6,3,8,4,1,0,1,1,0,5,1,0,3,0,2,0,1,0,0,1,4,0,0,3,1,0,0,0,1,0,1,0,1,0,0,0,1,2,0,3,1,0,0,0,0,0,2,0,0,0,0,6,0,0,2,0,0,0,0,0,0,0,0,0,0,0,0,0,1,0,0,0,0,0,0,1,0,0,0,0,0,0,0,0,0,0,1,0,0,0,0,0,0,0,0,0,0,0,0,0,0,1,0,0,0,0,0,0,1,0,0,0,0,0,0,0,0,0,0,0,0,0,0,0,0,0,0,0,0,0,1,0,0,0,0,0,0,0,0,0,0,0,0,0,0,0,0
2020-05-30,9,21,9,4,24,0,1,9,6,5,26,2,2,6,6,7,29,0,2,7,0,0,3,4,4,10,2,0,2,16,0,3,0,0,150,46,5,1,1,0,2,2,6,1,1,0,1,0,0,3,1,1,1,0,3,1,0,0,0,2,3,1,0,0,2,0,1,0,3,0,0,1,0,0,1,0,2,0,0,2,1,0,0,0,1,0,1,2,0,0,0,4,0,1,4,0,2,0,0,0,0,0,0,0,0,0,0,1,0,1,0,0,0,1,1,0,0,0,0,0,0,0,0,0,0,0,3,0,0,0,0,0,0,0,1,0,0,0,0,0,0,0,0,0,0,0,0,0,0,0,0,0,0,0,0,0,0,0,0,1,0,0,0,0,0,1,1,0,0,0,0,0,0,0,0,0,0,0,0,0,0,0,0,0,0,0,0
2020-05-31,2,24,9,8,16,0,2,3,6,2,25,0,0,2,9,15,29,1,2,4,3,0,5,4,4,17,0,0,1,10,0,1,1,1,131,61,4,2,0,3,3,3,9,2,0,0,0,0,0,3,1,0,1,1,4,0,0,0,0,1,0,1,0,2,4,0,0,1,1,0,1,0,1,0,2,0,0,0,0,2,2,0,0,1,0,0,1,1,2,0,0,3,0,1,4,0,0,0,1,0,0,0,0,1,0,0,0,0,3,1,0,0,0,0,0,0,0,0,0,0,1,0,0,0,0,0,2,0,0,0,0,0,0,0,0,1,0,1,0,0,0,0,0,0,0,0,0,0,1,0,0,0,0,0,0,0,0,0,0,0,0,0,0,0,0,0,0,0,0,0,0,0,0,0,0,0,0,0,0,0,0,0,0,0,0,0,0
2020-06-01,9,20,22,4,24,3,1,18,6,2,26,1,2,4,9,11,30,2,4,4,3,1,3,2,4,10,0,0,1,20,0,2,2,0,158,60,7,1,0,2,6,11,4,1,1,0,0,2,1,8,2,0,4,1,3,0,1,0,0,0,2,1,0,0,5,0,0,0,6,0,1,1,1,0,2,1,2,0,0,1,1,0,0,1,0,1,1,1,0,0,0,1,0,2,0,0,1,0,0,0,0,0,0,0,0,0,0,0,1,0,0,0,0,0,0,0,0,0,0,0,0,0,0,0,0,0,0,0,0,0,0,0,0,0,1,1,0,1,0,0,0,0,0,0,0,0,0,0,0,0,0,0,0,0,0,0,0,0,0,0,0,1,0,0,0,0,0,0,0,0,0,0,0,0,0,0,0,0,1,0,0,0,0,0,0,0,0
2020-06-02,8,21,9,5,19,0,2,17,4,2,30,3,0,4,11,12,23,1,1,4,1,2,6,4,5,10,3,0,1,13,0,3,3,2,157,60,5,3,1,4,8,3,5,4,0,0,2,1,1,5,1,1,1,0,1,0,0,0,0,2,3,0,0,0,1,0,1,0,5,0,3,0,0,1,1,0,1,0,0,0,5,0,1,0,0,1,1,3,2,0,0,2,0,0,1,0,0,0,0,0,0,1,0,0,0,0,0,0,2,2,0,0,0,0,0,0,0,0,0,0,1,0,0,0,0,0,0,0,0,0,0,0,0,0,0,1,0,0,0,0,1,0,0,0,0,0,0,0,0,0,0,0,0,0,0,0,0,0,0,0,0,0,0,0,0,0,0,0,0,0,0,0,0,0,1,0,0,0,0,0,4,0,0,0,0,0,0
2020-06-03,7,16,7,7,30,0,9,10,3,2,19,0,2,5,7,14,32,1,2,5,2,1,5,6,1,8,4,0,2,15,0,5,2,2,167,74,7,1,1,4,6,8,8,1,1,0,2,1,0,6,1,1,3,0,2,1,0,0,0,2,2,0,0,0,2,0,0,0,3,1,0,0,0,0,4,0,1,0,0,0,1,1,1,0,0,0,0,1,1,0,0,4,0,2,2,0,0,0,0,0,0,0,0,0,0,0,0,0,1,0,0,0,0,0,0,0,0,0,0,0,1,0,0,0,0,0,6,0,0,0,0,0,0,0,0,1,0,0,0,0,0,0,0,0,0,0,0,0,0,0,0,0,0,0,0,0,0,0,0,0,0,0,0,0,0,0,0,0,0,0,0,0,0,0,0,0,0,0,0,0,0,0,0,0,0,0,0
2020-06-04,7,27,10,6,23,2,4,8,1,6,23,0,0,2,12,11,32,2,0,4,0,1,7,6,2,14,4,0,0,7,0,1,1,1,165,48,7,1,1,3,5,5,3,2,1,2,0,0,2,4,0,0,1,3,2,0,0,0,0,0,4,0,0,0,1,0,0,0,9,1,2,0,0,0,0,0,1,0,0,1,3,0,0,0,0,0,0,0,2,0,0,4,0,0,0,0,0,0,0,0,1,0,0,0,0,0,0,0,0,0,0,0,0,0,0,0,0,0,0,1,1,0,0,0,1,0,2,0,0,0,0,0,0,0,0,0,0,0,0,0,0,1,0,0,0,0,0,0,2,0,0,0,0,0,0,1,0,0,0,0,0,0,0,0,0,0,0,0,0,0,0,0,0,0,0,0,0,0,0,0,0,0,0,0,0,0,0
2020-06-05,7,13,6,9,29,0,1,7,4,1,30,2,1,1,7,13,28,1,0,6,1,0,6,3,4,13,1,0,2,12,0,7,1,0,171,73,3,1,1,4,1,8,2,2,0,0,0,0,2,3,0,0,2,0,1,0,0,0,0,1,3,2,0,1,2,2,0,0,3,0,0,2,0,0,1,0,1,0,0,1,2,0,1,0,1,0,2,3,0,0,0,1,0,2,2,0,1,0,0,0,0,0,0,2,0,0,0,0,0,1,0,0,0,0,0,0,0,0,0,0,1,0,0,0,1,0,4,0,0,0,0,0,0,1,0,0,0,2,0,0,0,0,0,0,0,0,0,0,0,0,0,0,0,0,1,0,0,0,0,0,0,1,0,0,0,0,0,0,0,0,0,0,0,0,0,0,0,0,0,0,1,0,0,0,0,0,0
2020-06-06,9,21,11,7,27,1,1,11,4,4,25,3,1,2,8,12,37,0,2,6,5,0,6,3,5,18,2,0,0,13,0,1,0,0,179,73,5,2,1,1,7,9,6,0,1,0,0,0,0,5,1,0,3,0,0,0,1,0,1,4,1,0,0,0,1,1,0,1,2,0,1,0,2,0,1,0,1,0,0,1,2,1,0,0,2,0,1,1,0,0,0,6,0,0,2,0,1,0,0,0,0,0,0,0,0,0,0,0,3,0,0,0,0,0,0,0,0,0,0,0,0,0,0,0,0,0,5,1,0,0,0,0,0,0,1,0,0,1,0,0,0,0,0,0,0,0,0,0,1,0,0,0,0,0,0,0,0,0,0,0,0,1,0,0,0,1,0,0,0,0,0,0,0,0,1,0,0,0,0,0,0,0,0,0,0,0,0
2020-06-07,15,29,15,7,32,2,1,9,4,2,32,1,1,5,9,22,27,1,1,7,3,0,8,6,5,8,2,0,0,10,0,5,1,0,164,70,3,0,1,0,3,7,2,1,0,0,0,0,1,5,1,0,3,0,1,0,0,0,0,2,3,0,1,2,2,0,0,0,4,0,0,0,0,0,5,0,0,0,0,0,2,1,1,0,0,0,1,1,2,0,0,5,0,2,3,0,0,0,0,0,0,1,0,1,0,0,0,0,0,0,0,1,0,0,0,0,1,0,0,0,0,0,0,1,0,0,1,0,0,2,0,0,0,0,0,0,0,0,0,0,0,0,0,0,0,0,0,0,1,0,0,0,0,0,0,0,0,0,0,0,0,0,0,0,0,0,0,0,2,1,0,0,0,0,0,0,0,0,0,0,0,0,0,0,0,0,0
2020-06-08,7,24,5,3,26,1,3,7,7,2,23,0,1,3,5,13,28,2,2,7,1,0,6,5,5,11,0,0,0,13,0,1,1,2,155,72,5,1,1,2,3,4,9,1,0,0,1,0,2,3,0,0,1,0,4,0,0,0,0,0,2,0,0,0,1,0,0,1,4,0,1,0,1,0,4,0,0,0,0,1,3,0,1,0,1,0,0,0,0,0,0,4,0,1,1,0,0,0,0,0,1,0,0,0,0,0,0,1,2,0,1,0,0,0,0,0,0,0,0,0,1,0,0,0,0,0,3,0,0,1,0,0,0,0,0,0,0,0,0,0,0,0,0,0,0,0,0,0,0,0,0,0,0,0,0,0,1,0,0,0,0,0,0,0,0,0,0,0,0,1,0,0,0,0,0,0,0,0,0,0,0,0,0,0,0,1,0
2020-06-09,7,22,14,8,24,1,3,9,5,2,29,2,1,2,6,16,28,0,0,2,1,0,8,6,5,10,1,0,1,16,0,4,1,0,187,80,6,1,2,1,2,5,6,1,1,0,0,2,1,5,0,0,2,0,1,0,0,0,0,0,8,1,0,0,0,0,1,0,6,0,0,0,0,0,2,0,0,0,0,2,0,0,0,2,1,0,1,1,1,0,1,5,0,1,1,0,1,0,0,0,1,1,0,0,0,0,0,0,1,0,1,0,0,1,0,0,0,0,0,0,0,0,0,0,0,0,0,0,0,1,1,0,0,0,0,0,0,0,0,0,1,0,0,0,0,0,0,0,0,0,0,0,0,0,0,0,0,0,0,0,0,0,0,0,0,0,2,0,1,0,1,0,0,0,1,0,0,0,0,0,0,0,0,0,0,0,0
2020-06-10,6,25,7,5,26,3,3,10,7,2,30,2,0,2,10,15,40,1,0,3,0,0,9,6,8,10,5,0,3,15,1,1,0,0,176,71,5,2,2,1,6,6,1,1,1,0,0,0,2,2,3,2,0,0,4,0,0,0,0,3,1,0,0,0,3,2,1,0,4,0,0,0,0,0,1,0,1,0,0,0,2,0,0,1,1,0,1,0,3,0,0,4,0,2,1,0,0,0,0,0,0,1,0,0,0,0,0,0,1,0,0,0,0,0,0,0,0,0,0,0,1,0,0,0,0,0,2,0,0,1,0,0,0,0,1,1,0,2,0,0,0,0,0,0,0,0,0,0,1,0,0,0,0,0,0,0,0,0,0,0,0,0,0,0,0,0,0,0,0,0,0,0,0,0,1,0,0,0,0,0,0,0,0,0,0,0,0
2020-06-11,11,25,13,6,25,0,0,13,4,0,18,3,0,3,4,17,33,2,0,4,0,1,3,8,2,14,6,0,2,12,0,4,2,0,186,68,11,3,1,2,4,6,3,3,0,0,2,0,1,6,3,0,0,2,2,1,1,0,0,1,3,1,0,2,0,1,1,1,4,0,0,1,0,0,1,0,1,0,0,1,6,1,0,0,0,0,0,1,1,0,1,2,1,1,5,0,0,0,0,0,0,0,0,0,0,0,0,0,0,0,0,0,0,0,0,1,0,0,0,0,1,0,0,0,0,0,1,0,0,0,0,0,0,0,1,0,0,0,0,0,0,0,0,0,0,0,0,0,1,0,0,0,0,0,0,0,0,0,0,0,0,0,0,0,0,1,0,0,0,0,0,0,0,0,0,0,0,0,0,0,0,0,0,0,0,0,0
2020-06-12,6,26,10,6,31,1,1,12,7,2,28,0,0,3,6,12,33,0,1,4,2,1,10,4,1,16,4,0,1,16,0,2,2,1,183,58,9,0,2,2,6,3,7,3,0,0,0,0,0,5,0,0,1,0,4,0,0,0,0,1,1,0,0,0,0,0,0,0,6,1,0,0,1,0,0,1,0,0,0,0,3,0,0,0,2,0,1,0,2,0,1,0,0,0,2,0,0,0,0,0,0,0,0,0,0,0,0,0,0,1,0,0,0,0,0,0,0,0,0,1,1,0,0,0,0,0,0,0,0,0,1,0,0,0,0,0,0,0,0,0,0,0,0,0,0,0,0,0,1,0,0,0,0,0,0,0,0,0,0,1,0,0,0,0,0,0,0,0,0,0,0,0,0,0,0,0,0,0,1,0,1,0,0,0,0,0,0
2020-06-13,4,22,11,10,31,4,1,9,5,0,26,2,1,3,3,15,37,0,3,1,3,0,4,2,4,10,3,0,3,12,0,3,2,0,195,59,1,0,1,3,4,3,6,5,2,0,0,1,2,3,0,0,0,1,2,0,0,0,0,1,2,0,0,0,0,0,0,0,0,0,0,0,0,0,1,0,0,0,1,0,2,0,0,1,0,0,1,0,0,0,0,5,0,3,1,1,1,0,0,0,0,1,0,1,0,0,0,0,2,0,0,0,0,1,0,0,0,0,0,0,0,0,0,0,0,0,3,0,0,0,1,0,0,0,1,0,0,0,0,0,0,0,0,0,0,0,0,0,0,0,0,0,0,0,0,0,0,1,0,2,0,0,0,0,0,0,0,0,0,0,0,0,0,0,0,0,0,0,0,0,0,0,0,0,0,0,0
2020-06-14,9,23,10,7,25,1,4,13,6,6,30,1,1,7,11,10,30,2,1,4,2,0,8,9,6,17,1,0,2,18,0,1,1,0,176,58,9,1,1,4,4,6,6,0,0,0,1,0,1,4,0,1,2,1,4,0,1,0,0,2,3,0,0,0,3,1,0,0,1,0,0,0,0,0,1,0,3,0,0,2,2,2,0,0,1,0,4,0,1,0,0,1,0,2,1,0,1,1,0,0,0,1,0,0,0,0,1,0,0,0,0,0,0,0,0,0,0,1,0,0,0,0,0,0,0,0,1,0,0,2,0,0,0,0,1,0,0,0,0,0,0,0,0,0,0,0,0,0,0,0,0,0,0,0,0,0,0,0,0,0,0,0,0,0,0,0,0,0,0,0,0,0,0,0,0,0,0,0,0,0,0,0,0,0,0,0,0
2020-06-15,5,26,5,9,24,0,6,10,7,1,20,0,0,4,11,10,27,0,0,6,3,0,1,3,5,10,2,0,1,16,1,6,0,1,170,94,13,1,2,2,2,7,4,0,1,0,0,1,0,2,0,0,3,0,3,0,0,0,0,1,1,0,0,2,3,0,0,0,2,0,0,0,1,0,2,0,2,1,0,0,2,0,0,0,1,0,0,0,1,0,0,2,0,2,0,0,1,0,0,0,0,0,0,1,0,0,0,0,0,1,0,0,0,0,1,1,0,0,0,1,0,0,0,0,1,0,5,0,0,0,0,0,0,1,0,1,0,0,0,0,0,0,0,0,0,0,0,0,0,0,0,0,0,0,0,0,0,0,0,0,0,1,0,0,0,0,0,0,0,0,0,0,0,0,0,1,0,0,0,1,0,0,0,0,0,0,0
2020-06-16,8,15,11,9,27,0,1,8,8,2,24,2,0,6,10,19,38,1,1,3,3,0,8,4,5,11,0,0,2,10,0,2,0,0,187,63,4,0,4,2,9,8,6,0,1,0,0,0,0,4,1,0,1,0,2,1,0,0,0,2,5,0,0,1,1,0,0,0,5,0,1,0,0,0,0,0,2,0,0,0,11,1,0,0,0,0,2,0,1,0,0,3,0,1,2,0,0,0,0,0,1,1,0,0,0,0,0,0,1,0,0,0,0,0,0,1,0,1,0,0,0,0,0,0,0,0,1,0,0,0,0,0,0,0,1,0,0,1,0,0,0,0,0,0,0,0,0,0,2,0,0,0,0,0,0,0,0,0,0,2,0,0,0,0,0,0,0,0,0,1,0,0,0,0,0,0,0,0,0,0,1,0,0,0,0,0,0
2020-06-17,9,14,7,6,25,2,4,7,3,1,32,0,1,4,13,10,22,2,1,2,0,1,7,8,5,10,1,0,3,12,0,3,3,1,188,62,10,2,2,1,4,9,6,3,0,1,1,0,0,1,2,0,3,0,1,0,0,0,0,2,4,1,0,0,1,0,1,0,3,0,0,0,0,0,0,0,1,0,0,0,4,1,0,0,1,0,1,0,1,0,0,2,0,1,1,0,0,0,0,0,0,0,0,1,0,0,0,0,1,0,0,0,0,1,0,1,0,0,0,3,0,0,0,0,0,0,1,0,0,0,0,0,0,0,0,0,0,1,0,0,0,0,0,0,0,0,0,0,1,0,0,0,0,0,0,0,0,0,0,0,0,0,0,0,0,0,0,0,0,0,0,0,0,1,0,0,0,0,1,0,0,0,0,0,0,0,0
2020-06-18,9,26,14,12,25,3,5,12,3,0,20,2,1,1,7,13,14,0,1,2,2,0,6,6,1,9,0,1,1,5,0,1,2,2,139,60,6,2,1,4,4,6,5,2,0,0,1,1,0,5,0,0,1,1,2,0,0,0,0,1,4,0,0,2,4,0,0,0,4,0,0,1,1,0,0,0,1,0,0,1,6,0,0,0,0,0,1,0,1,0,0,3,0,2,1,0,1,0,0,0,0,0,0,0,0,0,0,0,0,0,0,0,0,0,0,0,0,1,0,0,0,0,0,0,0,0,4,1,0,0,0,0,0,0,0,0,0,1,0,0,0,0,0,0,0,1,0,0,0,0,0,0,0,0,0,0,0,0,0,0,0,0,0,0,0,0,0,0,0,0,0,0,0,0,1,0,0,0,0,0,0,0,0,0,0,0,0
2020-06-19,7,18,4,16,20,2,4,10,7,1,24,3,1,0,3,13,29,0,1,5,5,1,9,7,3,8,3,0,1,6,0,4,1,0,166,63,6,1,1,1,2,5,5,0,0,0,0,0,2,2,0,1,1,0,3,0,0,0,0,1,5,0,0,0,0,0,2,0,3,0,1,0,0,0,0,0,1,1,0,0,0,0,0,0,0,2,1,1,0,0,0,5,0,1,1,0,0,0,0,0,0,1,0,0,0,0,0,0,1,1,0,0,0,0,0,0,0,0,0,0,0,0,0,0,0,0,2,1,0,0,0,0,0,0,2,0,1,0,0,0,0,0,0,0,0,0,0,0,0,0,0,0,0,0,0,0,0,0,0,2,0,0,0,0,0,0,1,0,0,0,0,0,0,0,0,0,0,0,0,0,1,0,0,0,0,0,0
2020-06-20,4,19,6,7,28,0,2,10,5,1,20,0,2,6,6,8,31,0,0,6,3,0,6,9,3,9,1,0,1,9,0,2,1,1,148,53,7,2,2,2,6,6,4,1,0,0,1,0,0,3,0,1,3,1,1,0,0,0,0,0,4,1,1,0,4,0,0,1,4,0,0,0,1,0,1,0,1,0,0,1,4,0,0,0,1,0,2,1,1,0,0,2,0,1,1,0,0,0,0,0,0,0,0,0,0,0,0,0,1,1,0,0,0,2,0,0,0,0,0,0,0,0,0,0,0,0,3,0,0,0,1,0,0,0,0,0,0,0,0,0,0,0,1,0,0,0,0,0,2,0,0,0,0,0,0,0,0,0,0,0,0,0,0,0,0,0,0,0,0,0,0,0,0,0,0,0,0,0,0,0,0,0,0,0,0,0,0
2020-06-21,5,23,6,7,20,2,3,10,5,4,27,1,2,2,5,14,22,1,0,3,1,0,7,5,3,19,2,0,1,11,0,7,2,0,148,71,7,1,0,3,5,5,6,2,0,0,1,0,0,6,0,0,1,3,5,0,0,0,0,1,1,1,0,0,3,1,0,0,2,0,1,0,0,0,1,1,0,0,0,0,4,0,0,1,0,0,3,0,1,0,0,4,0,2,0,0,0,0,0,0,0,1,0,0,0,0,0,0,0,1,0,0,0,0,0,0,1,1,0,0,0,0,0,0,0,0,4,0,0,0,0,0,0,0,0,0,0,3,0,0,0,0,0,0,0,0,0,0,0,0,0,0,0,0,0,0,0,0,0,0,0,0,0,0,0,0,0,0,0,0,0,0,0,0,0,0,0,0,0,0,0,0,0,0,0,0,0
2020-06-22,2,22,10,7,27,3,3,6,2,1,30,0,1,2,8,13,24,2,0,5,5,1,6,2,4,15,0,0,2,9,0,4,1,1,139,69,4,2,1,2,4,2,3,1,0,0,0,0,0,1,1,0,3,0,1,0,0,0,0,0,0,2,0,0,0,0,0,0,4,0,0,0,0,0,1,0,0,0,0,0,0,1,0,0,0,0,0,0,0,0,0,6,0,0,3,0,0,0,1,0,0,1,0,0,0,0,0,0,0,1,0,1,0,0,0,0,0,0,0,0,1,0,0,0,0,0,2,1,0,0,0,0,0,0,0,0,0,0,0,0,0,0,0,0,0,0,0,0,1,0,0,0,0,0,0,0,0,0,0,0,0,0,0,0,0,0,0,0,1,0,0,0,0,0,0,0,0,0,0,0,0,0,0,0,0,0,0
2020-06-23,11,19,9,6,25,1,5,13,5,1,33,2,1,3,11,6,33,0,0,4,5,0,8,5,5,14,1,0,2,9,0,2,3,0,139,51,6,2,0,4,1,10,4,1,0,0,1,0,1,4,0,2,1,1,1,0,0,0,0,1,5,1,0,0,3,0,0,0,1,0,0,0,1,0,1,0,2,0,0,1,5,0,0,2,0,0,2,2,2,0,0,3,0,0,1,0,0,1,0,0,1,0,0,1,0,0,0,0,1,0,0,0,0,1,1,0,0,0,0,1,0,0,0,0,0,0,1,0,0,0,0,0,0,0,0,1,0,0,0,0,0,0,0,0,0,0,0,0,0,0,0,0,0,0,0,0,0,0,0,0,0,0,0,0,0,0,0,0,0,0,0,0,0,0,2,0,1,0,0,0,0,0,0,0,0,0,0
2020-06-24,4,24,5,5,29,1,3,12,7,3,22,0,0,1,7,12,25,1,1,1,4,0,6,1,9,12,1,0,0,11,0,6,2,0,137,68,6,0,0,1,9,5,0,4,1,0,2,0,1,1,0,0,3,0,1,1,0,0,0,1,5,0,0,0,1,0,0,0,4,0,0,0,0,0,0,0,4,0,0,0,2,1,0,1,0,0,1,1,2,0,0,1,0,1,7,0,0,0,0,0,0,0,0,0,0,0,0,0,1,0,0,1,0,0,0,0,0,0,0,0,1,0,0,0,1,0,1,0,0,1,0,0,0,0,1,0,0,1,0,0,0,0,0,0,0,0,0,0,1,0,0,0,0,0,0,0,0,0,0,1,0,0,0,0,0,0,0,0,0,0,0,0,0,0,0,0,0,0,0,0,0,0,0,0,0,0,0
2020-06-25,4,23,9,5,32,1,3,7,5,0,33,6,2,1,7,13,26,0,2,10,2,0,8,4,5,20,2,0,1,13,0,2,2,0,138,54,7,6,2,1,3,6,5,1,0,0,0,0,1,4,0,1,4,1,0,0,0,0,0,0,0,1,0,0,4,0,0,1,2,0,0,0,0,0,2,0,1,0,0,1,3,1,0,1,0,0,0,2,1,0,0,4,0,0,0,0,1,0,0,0,0,0,0,0,0,0,0,0,0,0,0,0,0,2,0,0,0,0,0,0,1,0,0,0,0,0,2,0,0,0,0,0,0,0,0,1,0,2,0,0,0,0,0,0,0,0,0,0,0,0,0,0,0,0,0,0,0,0,0,0,0,0,0,0,0,0,0,0,0,0,0,0,0,0,0,0,0,0,0,0,0,0,0,0,0,0,0
2020-06-26,4,26,14,11,17,0,2,8,3,0,32,0,0,4,13,11,31,0,0,6,3,0,6,3,3,9,2,0,3,13,0,0,3,2,138,69,6,2,0,1,4,5,4,1,1,0,0,0,0,2,0,0,2,0,4,0,0,0,0,2,3,0,0,1,1,0,0,0,4,1,1,0,0,0,1,0,0,0,0,0,3,1,1,0,1,0,2,4,1,0,0,6,0,2,0,0,1,0,0,0,0,0,0,0,0,0,0,0,1,2,0,0,0,0,0,0,0,1,0,0,0,0,0,0,0,0,1,0,0,0,0,0,0,0,0,0,0,1,0,0,0,0,0,0,0,0,0,0,0,0,0,0,0,0,0,0,0,0,0,1,0,0,0,0,0,0,0,0,0,0,0,0,0,0,0,0,0,0,0,0,0,0,0,0,0,0,0
2020-06-27,5,25,6,8,26,0,2,8,4,2,22,1,1,3,10,14,32,0,0,4,4,0,5,6,2,7,3,0,1,9,0,3,0,0,125,54,4,4,0,3,3,6,6,0,2,0,1,1,0,2,0,1,0,1,6,0,0,0,0,1,3,0,0,0,2,0,0,0,2,0,0,0,0,0,0,0,1,1,0,0,4,1,0,0,0,1,2,1,1,0,0,1,0,1,3,0,0,0,1,0,0,0,0,0,0,0,0,1,2,0,0,0,0,1,0,0,1,0,0,0,1,0,0,0,0,0,1,0,0,0,0,0,0,0,1,0,0,0,0,0,0,0,0,0,0,0,0,0,1,0,0,0,0,0,0,0,1,0,0,2,0,0,0,0,0,0,0,0,0,0,0,0,0,0,1,0,0,0,0,0,0,0,0,0,0,0,0
2020-06-28,7,27,8,4,21,0,1,9,5,1,25,0,0,9,6,7,34,0,0,7,0,0,8,6,5,7,2,0,1,6,0,6,1,0,134,62,2,1,1,1,8,12,8,2,0,0,1,1,6,4,0,1,3,0,1,0,1,1,0,0,3,1,0,2,2,0,0,0,4,0,1,0,1,0,1,0,2,0,0,0,3,0,0,1,1,0,1,2,0,0,0,9,0,1,3,0,0,0,0,0,0,0,0,0,0,0,0,0,3,1,0,0,0,0,0,0,0,0,0,0,0,0,0,0,0,0,1,1,0,0,0,0,0,0,0,0,0,1,0,0,0,0,0,0,0,0,0,0,1,0,0,0,0,0,0,0,1,0,0,1,0,0,0,0,0,1,0,0,0,0,0,0,0,0,0,0,0,0,0,0,0,0,0,0,0,0,0
2020-06-29,14,21,5,4,28,0,4,10,4,1,28,0,1,1,9,7,32,0,0,2,1,0,3,1,1,13,1,1,0,12,0,2,0,2,122,54,4,2,1,1,5,8,4,1,1,0,0,0,0,0,0,0,2,0,4,0,0,0,0,1,2,1,0,1,2,0,1,0,5,0,0,0,0,0,3,0,0,0,0,0,2,0,0,0,0,0,1,1,0,0,0,4,1,2,2,0,1,0,0,0,0,1,0,1,0,0,0,0,0,0,0,0,0,0,0,0,0,0,0,0,0,0,0,0,0,0,0,2,0,0,0,0,0,0,0,0,0,2,0,0,0,0,0,0,0,0,0,0,0,0,0,0,0,0,0,0,0,0,0,0,0,0,0,0,0,0,1,0,0,0,0,0,0,0,0,0,0,0,0,0,0,0,0,0,0,0,0
2020-06-30,10,19,8,1,31,0,5,3,1,1,19,3,0,2,7,9,29,0,0,5,0,0,6,2,6,12,3,0,0,4,1,4,0,1,124,52,6,2,1,3,1,7,4,1,0,1,1,0,0,2,2,1,3,0,0,0,0,0,0,0,4,0,0,0,0,0,1,1,1,1,0,0,1,1,1,0,2,0,0,0,2,0,0,1,1,0,2,0,2,0,0,4,0,2,3,0,0,0,0,0,0,0,0,1,0,0,0,0,2,1,0,0,0,1,0,0,0,0,0,0,1,0,0,1,0,0,1,0,0,0,0,0,0,0,0,1,0,0,0,0,0,0,0,0,0,0,0,1,1,0,0,0,0,0,0,0,0,0,0,0,0,0,0,0,0,0,0,0,2,1,0,0,0,0,1,0,0,0,0,0,0,0,0,0,0,0,0
2020-07-01,4,31,4,7,14,1,2,6,3,2,22,0,1,4,6,7,19,0,0,5,1,0,4,5,5,8,2,0,1,9,0,4,1,0,112,57,4,3,1,1,2,7,7,3,0,0,0,0,1,3,1,0,0,0,1,0,0,0,0,0,2,1,0,1,2,0,0,0,1,0,0,0,1,0,0,0,1,0,0,0,1,0,0,0,1,0,1,1,0,0,0,3,0,2,3,0,0,0,0,0,0,0,0,1,0,0,0,1,0,0,0,0,0,1,1,0,0,0,0,0,1,0,0,0,0,0,0,0,0,0,0,0,0,1,1,0,0,0,0,0,0,0,0,0,0,0,0,0,0,0,0,0,0,0,0,0,0,0,0,0,0,0,0,0,0,0,0,0,0,0,0,0,0,1,0,0,0,0,0,0,0,0,0,0,0,0,0
2020-07-02,7,23,9,4,15,1,3,7,2,3,22,1,0,2,8,11,29,1,0,6,2,0,7,3,7,10,2,0,1,9,0,4,2,1,133,66,3,1,1,2,4,9,1,1,0,0,0,0,2,0,0,0,4,1,2,0,0,0,0,2,3,1,1,0,1,1,1,1,1,0,0,0,0,0,0,1,2,0,0,0,4,0,0,0,0,0,0,1,1,0,0,4,0,2,2,0,0,0,0,0,0,0,0,0,0,0,0,0,0,2,0,0,0,0,0,1,0,0,0,0,0,0,0,0,0,0,0,0,0,0,1,0,0,1,1,0,0,0,0,0,0,0,0,0,0,0,0,0,1,0,0,0,0,0,0,0,0,0,0,0,0,0,0,0,0,0,0,0,0,0,0,0,0,0,0,0,0,0,0,0,0,0,0,0,0,0,0
2020-07-03,1,17,12,3,18,0,7,8,2,1,17,2,2,1,7,9,29,0,1,2,2,0,3,4,6,10,3,0,1,14,0,0,2,0,127,67,6,2,3,2,0,11,5,3,0,0,1,0,1,3,0,0,0,0,2,0,0,0,0,1,5,0,1,1,1,0,0,0,3,0,0,0,0,0,0,0,1,0,0,0,0,0,0,0,0,0,0,0,0,0,0,6,0,0,1,0,2,0,0,0,0,1,0,0,0,0,0,0,0,1,0,0,0,0,0,0,0,0,0,0,0,0,0,0,0,0,0,0,0,0,0,0,0,0,1,0,0,0,0,1,0,0,0,0,0,0,0,0,0,0,0,0,0,0,0,0,0,0,0,1,0,0,1,0,0,2,0,0,0,0,1,0,0,0,0,0,0,1,0,0,0,1,0,0,0,0,0
2020-07-04,5,17,9,7,15,1,2,2,2,2,23,1,0,2,6,12,20,0,0,4,2,0,8,2,4,10,2,0,0,9,0,2,0,1,101,63,7,2,0,3,5,2,2,3,0,0,0,1,0,4,0,0,0,0,1,1,0,0,0,2,1,1,0,0,2,0,0,0,2,0,0,0,0,0,1,1,1,0,0,1,7,0,0,1,0,1,0,3,0,0,0,1,0,1,0,0,0,0,0,0,0,0,0,1,0,0,0,1,1,0,0,0,0,0,0,0,0,0,0,0,0,0,0,0,0,0,2,0,0,0,0,0,0,0,0,0,0,0,0,0,0,0,1,0,0,0,0,0,0,0,0,0,0,0,0,0,0,0,0,2,0,2,0,0,0,0,0,0,0,0,0,0,0,0,0,0,1,0,0,0,0,0,0,0,0,0,0
2020-07-05,6,17,8,6,30,0,5,3,4,1,21,1,1,4,7,10,17,0,0,6,1,1,5,1,3,6,3,0,0,9,0,4,2,0,94,57,4,2,0,1,4,4,3,1,1,0,2,0,0,8,0,1,1,1,2,0,0,0,0,0,2,1,0,0,0,0,0,0,6,0,1,0,2,0,0,0,1,0,0,1,0,0,0,0,2,0,4,0,1,0,0,1,0,3,1,0,0,0,0,0,0,0,0,2,0,0,0,0,3,0,0,1,0,0,0,0,0,0,0,0,0,0,0,0,1,0,3,0,0,0,0,0,0,0,0,0,0,1,0,0,0,1,0,0,0,0,0,0,0,0,0,0,0,0,0,0,0,0,0,0,0,0,0,0,0,0,0,0,0,0,0,0,0,0,0,0,0,0,0,0,0,0,0,0,0,0,0
2020-07-06,7,15,7,7,22,0,3,5,3,2,21,1,2,2,4,7,30,1,4,4,4,1,8,3,5,8,2,0,1,16,1,2,1,0,113,53,1,2,0,3,2,6,3,2,3,0,0,1,1,2,0,0,1,0,0,1,1,0,0,0,3,0,0,0,1,1,1,0,2,0,1,0,0,0,1,0,1,0,0,0,1,0,0,1,0,1,1,1,0,0,0,3,0,0,1,0,0,0,0,0,1,0,0,1,0,0,0,0,0,2,0,1,0,0,0,0,0,0,0,0,0,0,0,0,0,0,1,1,0,0,0,0,0,1,2,1,0,1,0,0,0,0,0,0,0,0,0,0,1,0,0,0,0,0,0,0,0,0,0,0,0,0,0,0,0,0,0,0,0,0,1,0,0,0,0,0,0,0,0,0,0,0,0,0,0,0,0
2020-07-07,6,14,7,6,16,2,1,16,1,3,11,1,1,3,6,14,25,0,2,1,1,0,6,4,6,5,3,0,1,11,0,2,0,1,114,65,5,2,0,2,2,8,5,2,1,2,1,0,0,6,0,0,2,1,1,0,0,0,2,2,1,0,0,0,2,0,0,1,3,0,0,0,0,0,0,0,0,0,0,1,3,0,0,1,1,0,0,2,1,0,0,2,0,4,1,0,0,0,0,0,0,0,0,0,0,0,0,0,0,1,0,0,0,0,0,0,1,0,0,0,0,0,0,0,0,0,1,0,0,0,0,0,0,0,0,0,0,0,0,0,0,0,0,0,0,0,0,0,1,0,0,0,0,0,0,1,0,0,0,2,0,0,0,0,0,0,0,0,0,0,0,0,0,0,1,0,0,0,0,0,2,0,0,0,0,0,0
2020-07-08,12,21,8,9,20,1,1,5,3,0,16,0,0,7,5,11,29,1,0,6,6,0,6,5,4,12,1,0,2,10,0,2,2,0,111,61,6,3,1,2,2,6,6,0,1,0,0,0,0,3,0,0,1,0,3,0,0,0,0,0,5,1,0,0,3,0,0,0,5,0,0,1,1,0,0,0,0,0,0,0,1,0,0,0,0,0,3,0,0,0,0,0,0,1,0,0,0,0,0,0,0,1,0,0,0,0,0,0,0,0,0,0,0,1,0,0,0,0,0,0,0,0,0,0,1,0,0,0,0,0,0,0,0,0,0,0,0,1,0,0,0,0,0,0,0,0,0,0,0,0,0,0,0,0,0,0,0,0,0,0,0,0,0,0,0,0,0,0,0,0,0,0,0,0,0,0,0,0,0,0,0,0,0,0,0,0,0
2020-07-09,6,14,4,6,23,1,2,7,6,1,27,2,0,1,8,7,31,0,1,3,1,2,6,3,0,9,0,0,1,7,0,3,2,0,112,44,12,2,1,2,2,6,6,1,0,0,1,0,1,5,0,0,0,0,3,0,0,0,0,0,1,0,0,2,2,0,0,0,2,1,0,0,1,0,0,0,0,1,0,0,1,1,0,2,0,1,3,1,1,0,0,3,0,2,1,0,0,0,0,0,1,0,0,0,0,0,0,0,0,1,0,0,0,0,0,0,0,0,0,0,0,0,0,0,0,0,0,0,0,0,0,0,0,0,0,0,0,0,0,0,0,1,0,0,0,0,0,1,0,0,0,0,0,0,0,0,0,0,0,0,0,0,0,0,0,0,2,0,0,0,0,0,0,0,0,0,0,0,0,0,0,0,0,0,0,0,0
2020-07-10,5,17,9,4,20,0,0,7,8,1,21,1,0,5,4,11,34,1,1,3,0,0,4,3,3,11,1,0,2,8,0,1,5,0,85,67,5,3,0,2,3,7,8,1,1,0,1,0,1,3,0,0,3,0,3,0,0,0,0,0,3,1,1,0,3,1,0,0,4,0,0,0,0,0,1,1,1,0,0,0,1,0,0,1,0,0,2,0,0,0,0,4,0,0,2,0,1,0,1,0,0,0,0,0,0,0,0,0,0,0,0,0,0,0,0,0,0,0,0,0,0,0,0,0,0,0,2,0,0,0,0,0,0,0,2,0,0,1,0,0,0,0,0,0,0,0,0,0,1,0,0,0,0,0,0,0,0,0,0,0,0,0,0,0,0,1,1,0,0,0,0,0,0,0,0,0,0,0,0,0,1,0,0,0,0,0,0
2020-07-11,6,16,6,4,16,1,0,3,4,3,19,1,0,3,4,9,20,2,0,3,2,0,2,4,4,4,1,0,0,9,0,4,1,0,87,57,5,2,0,0,3,7,1,1,1,0,0,1,1,3,1,0,2,0,4,0,0,0,0,4,3,1,0,0,1,0,0,0,1,0,0,0,1,0,2,0,2,0,0,0,0,0,0,0,0,0,1,1,3,0,0,5,0,0,4,0,1,0,1,0,0,0,0,0,0,0,0,0,0,1,0,0,0,0,0,0,0,0,0,2,2,0,0,0,0,0,0,0,0,0,0,0,0,0,1,0,0,0,0,0,0,0,0,0,0,0,0,0,1,0,0,0,0,0,0,0,0,0,0,0,0,0,0,0,0,0,0,0,0,0,0,0,0,0,0,0,0,0,0,0,0,0,0,0,0,0,0
2020-07-12,9,10,5,4,25,0,0,8,1,0,20,1,0,1,10,10,27,0,0,5,1,0,8,5,3,12,0,0,0,8,0,4,0,0,87,57,3,2,1,0,6,3,2,1,0,0,0,0,0,2,0,0,1,2,3,0,0,0,0,0,2,0,0,0,0,0,0,0,1,0,1,0,0,0,1,1,2,0,0,1,3,0,0,1,1,1,1,0,0,0,0,2,0,1,4,0,0,0,1,0,0,0,0,0,0,0,0,0,0,2,0,0,0,2,0,0,0,0,0,0,0,0,0,0,0,0,2,0,0,0,0,0,0,0,0,0,0,1,0,0,0,0,0,0,0,0,0,0,1,0,0,0,0,0,0,1,0,0,0,1,0,0,0,0,0,2,1,0,0,0,0,0,0,0,0,0,0,0,0,0,0,0,0,0,0,0,0
2020-07-13,5,10,7,3,17,1,3,7,5,1,21,0,0,3,4,12,23,0,2,3,3,0,3,5,4,10,2,0,1,14,0,3,0,1,99,67,9,1,1,4,3,4,3,1,0,0,0,0,0,1,0,0,2,1,1,0,0,0,0,0,5,0,0,0,1,1,0,0,2,0,0,0,1,0,0,1,0,0,0,2,1,0,0,2,0,0,0,1,2,0,0,5,1,1,1,0,0,0,0,0,0,1,0,0,0,0,0,0,0,1,0,0,0,0,0,0,0,0,0,0,0,0,0,0,0,0,1,0,0,0,0,0,0,0,0,0,0,0,0,0,1,0,1,0,0,0,0,0,1,0,0,0,0,0,0,0,0,0,0,1,0,0,0,0,0,0,0,0,0,0,0,0,0,0,1,0,0,0,0,0,1,0,0,0,0,0,0
2020-07-14,5,24,5,2,22,1,3,6,6,0,26,3,2,5,4,12,20,0,1,3,3,0,5,4,1,8,1,0,0,6,0,2,3,3,86,52,7,1,0,2,5,6,2,0,1,0,1,0,2,2,0,0,2,2,5,0,0,0,0,1,2,1,1,0,0,0,0,0,5,0,0,0,1,0,1,0,1,0,0,1,3,0,0,0,0,0,1,2,0,1,0,2,0,0,1,0,0,0,0,0,0,0,0,0,0,0,0,0,0,1,0,0,0,0,0,0,0,0,0,0,0,0,0,0,0,0,2,0,0,0,0,0,0,0,0,0,0,0,0,0,0,0,0,0,0,0,0,0,1,0,0,0,0,0,0,0,0,0,0,0,0,0,0,0,0,0,0,0,0,0,0,0,0,0,1,0,0,0,0,0,0,0,0,0,0,0,0
2020-07-15,8,13,7,1,9,0,1,8,3,1,15,2,0,4,6,5,30,1,3,1,3,2,7,2,5,4,2,0,2,14,1,5,2,1,80,45,4,2,0,2,2,3,4,0,0,0,1,0,0,2,0,0,1,2,0,0,0,0,0,2,4,0,0,0,3,0,0,0,1,0,2,0,0,0,0,0,2,0,0,0,0,0,0,0,0,2,2,0,0,0,0,5,0,1,2,0,0,0,0,0,0,1,0,0,0,0,0,1,1,0,0,0,0,1,1,0,0,0,0,0,0,0,0,0,0,0,1,0,0,0,0,0,0,0,1,1,0,1,0,0,0,0,0,0,0,0,0,0,0,0,0,0,0,0,0,0,0,0,0,0,0,0,0,0,0,0,1,0,1,0,0,0,0,0,0,0,0,0,0,0,0,0,0,0,0,0,0
2020-07-16,6,18,5,5,13,1,0,8,1,1,20,0,0,1,8,13,15,0,3,4,0,0,5,2,3,10,1,0,2,9,1,6,0,0,92,54,8,2,1,1,2,7,1,3,0,0,0,0,0,3,0,0,4,0,1,0,0,0,0,2,2,0,0,0,1,0,0,0,2,0,0,1,0,0,2,0,0,0,0,0,1,0,0,0,0,1,0,2,0,0,0,4,0,0,0,0,0,0,0,0,0,0,0,0,0,0,0,0,0,1,0,0,0,0,0,0,0,0,0,0,0,0,0,0,0,0,3,1,0,0,0,0,0,0,0,0,0,1,0,0,0,0,0,0,0,0,0,0,0,0,0,0,0,1,0,0,0,0,0,2,0,0,1,0,0,1,0,0,0,0,0,0,0,0,0,0,0,0,0,0,0,0,0,0,0,0,0
2020-07-17,8,15,5,5,14,0,1,2,3,1,14,0,0,3,7,6,23,1,0,4,1,0,6,4,4,9,1,0,0,4,0,2,0,0,76,55,3,3,2,1,7,3,7,2,0,0,2,2,1,5,0,0,0,0,1,0,0,0,0,1,0,1,0,0,0,0,0,0,2,0,0,0,0,0,1,0,1,0,0,0,1,0,0,1,2,0,0,0,1,0,0,3,0,1,1,0,0,0,0,0,0,1,0,0,0,0,0,0,0,2,0,0,0,0,0,0,0,0,0,0,0,0,0,0,0,0,2,0,0,0,0,0,0,0,1,0,0,0,0,0,0,1,0,0,1,0,0,0,1,0,0,0,0,0,0,0,0,0,0,1,0,0,0,0,0,0,1,0,0,0,0,0,1,0,0,0,0,0,0,0,0,0,0,0,0,0,0
2020-07-18,8,18,7,5,15,0,2,8,1,1,21,0,2,2,8,11,28,0,3,3,2,0,4,2,5,9,2,0,1,12,0,1,1,1,68,51,6,3,2,2,4,3,3,2,1,0,0,0,1,6,0,0,1,1,4,0,0,0,0,0,3,0,0,1,1,0,0,0,1,0,0,0,2,0,0,0,1,1,0,0,2,0,0,0,1,0,2,1,0,0,0,1,0,3,5,0,1,0,0,0,0,1,0,1,0,0,0,0,0,1,0,0,0,0,0,0,0,0,0,1,0,0,0,0,1,0,0,0,0,0,0,0,0,0,0,0,0,1,0,0,0,0,0,0,0,0,0,0,1,0,0,0,0,0,0,0,0,0,0,1,0,0,0,0,0,0,0,0,0,0,0,0,0,0,0,0,0,0,0,0,0,0,0,0,0,0,0
2020-07-19,6,26,2,2,17,1,1,4,2,5,18,0,1,2,4,17,24,0,2,2,3,0,6,3,3,4,1,0,2,11,0,2,0,0,60,56,4,1,1,2,4,4,5,2,0,0,0,1,0,0,0,0,2,1,1,0,0,0,0,2,0,1,0,2,1,0,0,0,1,0,0,0,0,0,1,0,1,0,0,0,4,0,0,0,0,0,0,0,1,0,0,5,0,0,4,0,0,0,0,0,0,0,0,0,0,0,0,0,0,0,0,0,0,0,0,0,0,0,0,1,0,0,0,0,0,0,2,1,0,1,0,0,1,0,0,0,0,0,0,0,0,0,0,0,0,0,0,0,0,0,0,0,0,0,0,0,0,0,0,0,0,0,0,0,0,1,0,0,0,0,0,0,0,0,0,0,0,0,0,0,0,0,0,0,0,0,0
2020-07-20,5,8,4,5,18,2,1,10,1,4,11,0,0,2,7,8,22,0,0,0,2,1,3,2,1,4,3,0,0,2,0,4,0,0,54,47,5,2,0,1,1,4,2,1,0,0,0,0,0,1,0,0,1,0,1,0,1,0,0,0,1,0,0,0,1,0,0,1,1,0,0,0,0,0,0,0,2,0,0,1,1,0,0,0,1,0,1,0,1,0,0,8,0,1,0,0,0,0,1,0,0,0,0,4,0,0,0,0,0,1,0,0,0,0,0,0,0,0,0,0,0,0,0,0,0,0,0,0,0,0,0,0,0,0,1,0,0,0,0,0,0,0,0,0,0,0,0,0,1,0,0,0,0,0,0,0,0,0,0,0,0,0,0,0,0,0,0,0,0,0,0,0,0,0,0,0,0,0,0,0,0,0,0,0,0,0,0
2020-07-21,7,14,6,2,17,0,3,4,2,0,7,1,1,0,6,8,20,0,0,2,0,0,3,3,4,5,0,0,0,5,0,3,2,0,66,57,13,1,0,1,4,6,4,1,0,0,0,0,0,5,1,0,3,0,2,0,0,0,0,1,1,0,0,0,3,0,0,0,2,0,2,0,0,0,1,0,1,0,0,0,1,0,0,0,1,0,0,1,0,0,0,0,0,2,0,0,0,0,0,0,0,0,0,0,0,0,0,0,0,1,0,0,0,0,0,0,0,0,0,0,0,0,0,0,0,0,0,0,0,0,0,0,0,0,1,0,0,2,0,0,0,0,0,0,0,0,0,0,0,0,0,0,0,0,0,0,0,0,0,0,0,0,0,0,0,0,0,0,0,0,0,0,0,0,0,0,0,0,0,0,0,0,0,0,0,0,0
2020-07-22,1,7,0,1,1,0,0,2,0,1,1,0,0,1,1,4,5,0,1,2,0,0,1,0,0,0,0,0,0,3,0,1,0,0,12,11,2,0,0,0,1,0,0,2,0,0,0,0,0,1,0,0,2,0,1,0,0,0,0,0,1,0,0,0,0,0,0,0,1,0,0,0,0,0,0,0,0,0,0,0,0,0,0,0,0,0,0,0,0,0,0,0,0,0,0,0,0,0,0,0,0,0,0,0,0,0,0,0,1,0,0,0,0,0,0,0,0,0,0,0,0,0,0,0,0,0,0,0,0,0,0,0,0,0,0,0,0,0,0,0,0,0,0,0,0,0,0,0,1,0,0,0,0,0,0,0,0,0,0,0,0,0,0,0,0,0,0,0,0,0,0,0,0,0,0,0,0,0,0,0,0,0,0,0,0,0,0
