fecha,Enfermedades hipertensivas,Tumores malignos de los órganos genitales masculinos,Enfermedades cerebrovasculares,Otras enfermedades bacterianas,Desnutrición,Tumores malignos de los órganos respiratorios e intratorácicos,Influenza [gripe] y neumonía,Otras enfermedades respiratorias que afectan principalmente al intersticio ,Otras formas de enfermedad del corazón,Otras enfermedades del sistema respiratorio ,Enfermedades crónicas de las vías respiratorias inferiores ,Causas de mortalidad mal definidas y desconocidas,"Exposición al humo, fuego y llamas",Otras enfermedades de los intestinos,Otras enfermedades de la pleura,Enfermedades isquémicas del corazón,Exposición accidental a otros factores y a los no especificados,"Tumores [neoplasias] malignos del tejido linfático, de los órganos hematopoyéticos y de tejidos afines",Trastornos del humor [afectivos],"Tumores malignos del ojo, del encéfalo y de otras partes del sistema nervioso central",Diabetes mellitus,COVID-19 Confirmado,COVID-19 Sospechoso,"Trastornos mentales orgánicos, incluidos los trastornos sintomáticos",Otros trastornos del sistema nervioso,Caídas,Tumores malignos de los órganos digestivos,Tumor maligno de la mama,Otras enfermedades degenerativas del sistema nervioso,"Enfermedades de las venas y de los vasos y ganglios linfáticos, no clasificadas en otra parte ","Tumores [neoplasias] malignos de sitios mal definidos, secundarios y de sitios no especificados",Enfermedades de los órganos genitales masculinos,Síntomas y signos generales,Anemias aplásticas y otras anemias ,Insuficiencia renal ,Otras infecciones agudas de las vías respiratorias inferiores,"Enfermedades de las arterias, de las arteriolas y de los vasos capilares",Ahogamiento y sumersión accidentales,Otras enfermedades del sistema digestivo,Tumores [neoplasias] de comportamiento incierto o desconocido,Trastornos metabólicos,Trastornos extrapiramidales y del movimiento ,Síntomas y signos que involucran los sistemas circulatorio y respiratorio,Afecciones supurativas y necróticas de las vías respiratorias inferiores ,Tumores malignos de los órganos genitales femeninos,Tumores malignos de las vías urinarias,Malformaciones congénitas del sistema urinario,Enfermedades del pulmón debidas a agentes externos ,"Enfermedades del esófago, del estómago y del duodeno",Otras enfermedades de la sangre y de los órganos hematopoyéticos ,Melanoma y otros tumores malignos de la piel,Enfermedad cardiopulmonar y enfermedades de la circulación pulmonar,Infecciones de la piel y del tejido subcutáneo,Trastornos de la glándula tiroides,Síntomas y signos que involucran los sistemas nervioso y osteomuscular,Enfermedades del hígado,Otras enfermedades del sistema urinario,Hernia ,Malformaciones congénitas del sistema circulatorio,Enfermedad renal tubulointersticial,Tumores [neoplasias] in situ,Tumores [neoplasias] benignos,Otros trastornos del riñón y del uréter,"Trastornos de la vesícula biliar, de las vías biliares y del páncreas",Enfermedades infecciosas intestinales ,Trastornos episódicos y paroxísticos ,"Procedimientos quirúrgicos y otros procedimientos médicos como la causa de reacción anormal del paciente o de complicación posterior, sin mención de incidente en el momento de efectuar el procedimiento",Otros trastornos y los no especificados del sistema circulatorio,Tuberculosis,Tumores malignos de los huesos y de los cartílagos articulares de los miembros,Otros trastornos de la regulación de la glucosa y de la secreción interna del páncreas,Otros accidentes de transporte terrestre,Tumores malignos de los tejidos mesoteliales y de los tejidos blandos,Otros accidentes que obstruyen la respración,Tumores malignos de la glándula tiroides y de otras glándulas endocrinas,Litiasis urinaria ,Infecciones virales caracterizadas por lesiones de la piel y de las membranas mucosas,Trastornos mentales y del comportamiento debidos al uso de sustancias psicoactivas,Otros trastornos de la piel y del tejido subcutáneo,Artrosis ,"Tumores malignos del labio, de la cavidad bucal y de la faringe",Exposición a fuerzas mecánicas inanimadas,Enfermedades cardíacas reumáticas crónicas ,Otras osteopatías,Espondilopatías,Enfermedades del oído interno,"Meningitis bacteriana, no clasificada en otra parte",Trastornos del cuerpo vítreo y del globo ocular,"Exceso de esfuerzo, viajes y privación",Lesiones autoinfligidas intencionalmente ,Micosis,Peatón lesionado en accidente de transporte,Parálisis cerebral y otros síndromes paralíticos ,Obesidad y otros tipos de hiperalimentación,Poliartropatías inflamatorias,"Defectos de la coagulación, púrpura y otras afecciones hemorrágicas",Ocupante de automovil  lesionado en accidente de transporte,Síntomas y signos que involucran el sistema digestivo y el abdomen,Síntomas y signos que involucran el sistema urinario,Anemias nutricionales ,Secuelas de enfermedades infecciosas y parasitarias,Enfermedades musculares y de la unión neuromuscular,Otras enfermedades infecciosas,"Trastornos neuróticos, trastornos relacionados con el estrés y trastornos somatomorfos",Enfermedades desmielinizantes del sistema nervioso central ,Agresiones,Trastornos sistémicos del tejido conjuntivo ,Dispositivos médicos de diagnósticos y de uso terapéutico asociados con incidentes adversos,Enfermedades del peritoneo,Enfermedades inflamatorias de los órganos pélvicos femeninos,Enfermedades debidas a protozoarios,Enfermedades glomerulares,Atrofias sistémicas que afectan principalmente el sistema nervioso central,Anemias hemolíticas,Trastornos de los músculos,Ciertos trastornos que afectan el mecanismo de la inmunidad ,infecciones del sistema nervioso central,Hepatitis viral,Trastornos del desarrollo y de la erupción de los dientes,Enteritis y colitis no infecciosas,Artropatías infecciosas,Otros trastornos de los tejidos blandos,Secuelas de causa externa de morbilidad y de mortalidad,Polineuropatías y otros trastornos del sistema nervioso periférico,Helmintiasis,Urticaria y eritema,Otras enfermedades virales,Enfermedad por virus de la inmunodeficiencia humana [VIH],Dorsopatías deformantes ,"Síntomas y signos que involucran el conocimiento, la percepción, el estado emocional y la conducta",Enfermedades del apéndice,"Envenenamiento accidental por, y exposicion a sustancias nocivas",Trastorno mental no especificado,"Esquizofrenia, trastornos esquizotípicos y trastornos delirantes",Ciclista lesionado en accidente de transporte,Exposición a fuerzas mecánicas animadas,"Exposición a la corriente eléctrica, radiación y temperatura, y presión del aire ambientales extremas",Otras enfermedades de las vías respiratorias superiores,Trastornos de otras glándulas endocrinas,Retraso mental,Otras dorsopatías ,Condropatías,"Anomalías cromosómicas, no clasificadas en otra parte",Trastornos flictenulares,Trastornos relacionados con la duración de la gestación y el crecimiento fetal,Trastornos respiratorios y cardiovasculares específicos del período perinatal,Infecciones específicas del período perinatal,Otras malformaciones congénitas del sistema digestivo,Otras malformaciones congénitas,Malformaciones y deformidades congénitas del sistema osteomuscular,Trastornos hemorrágicos y hematológicos del feto y del recién nacido,Otros trastornos originados en el período perinatal,Trastornos del sistema digestivo del feto y del recién nacido,Malformaciones congénitas del sistema nervioso,Otras afecciones obstétricas no clasificadas en otra parte,"Edema, proteinuria y trastornos hipertensivos en el embarazo, el parto y el puerperio",Infecciones agudas de las vías respiratorias superiores ,"Feto y recién nacido afectados por factores maternos y por complicaciones del embarazo, del trabajo de parto y del parto",Afecciones asociadas con la regulación tegumentaria y la temperatura del feto y del recién nacido,Malformaciones congénitas del sistema respiratorio,Exposición a fuerzas de la naturaleza,Complicaciones principalmente relacionadas con el puerperio,Traumatismo del nacimiento
2020-01-01,3,1,6,3,1,3,3,4,3,4,4,5,0,1,0,12,3,4,0,0,3,0,0,3,0,0,8,4,1,1,1,0,0,1,0,0,3,0,1,2,1,1,0,1,0,0,1,1,0,0,1,1,0,0,1,2,2,0,0,2,0,0,1,0,0,1,1,0,0,0,0,1,0,0,0,0,0,0,0,0,0,5,0,0,0,0,0,0,0,3,0,1,0,0,0,0,0,0,0,0,0,0,0,0,0,1,0,0,0,0,0,0,0,0,0,0,0,0,0,0,0,1,0,0,0,0,0,1,0,0,0,1,0,0,0,0,0,0,0,0,0,0,0,0,0,0,0,0,0,0,0,0,0,1,0,0,0,0,0,0,0,0,0
2020-01-02,3,0,12,0,0,2,6,3,3,0,3,4,0,1,0,12,0,0,0,1,1,0,0,1,1,0,6,4,3,1,0,0,2,0,2,0,3,0,0,1,0,1,0,0,3,1,0,1,1,0,0,1,0,0,1,5,0,1,0,1,0,0,1,0,0,0,0,0,0,0,0,1,0,0,0,0,0,0,2,0,0,2,1,0,0,0,0,0,0,0,0,1,0,0,0,0,0,0,0,0,0,0,0,0,0,0,0,0,0,0,0,0,1,0,0,0,1,0,0,1,0,1,0,0,0,0,0,1,0,0,0,0,0,0,0,0,0,0,0,0,0,0,0,0,1,0,0,0,0,1,0,0,0,0,0,0,0,0,0,0,0,0,0
2020-01-03,4,3,9,1,0,0,8,0,5,1,4,0,0,1,1,9,4,1,0,1,3,0,0,0,1,1,15,2,3,0,3,0,1,0,5,0,0,0,3,3,0,2,0,0,3,4,0,3,0,0,0,0,1,0,0,6,5,0,0,2,0,0,0,0,1,1,1,0,0,0,0,2,0,0,0,0,0,0,2,0,1,0,0,0,0,0,0,0,0,1,0,0,0,0,0,0,0,0,0,0,0,1,0,0,0,0,1,0,0,0,0,0,0,0,0,0,0,0,0,0,0,0,0,0,0,0,1,1,0,0,0,0,0,0,0,0,1,0,0,0,0,0,0,0,1,0,0,0,0,0,0,0,0,0,0,0,0,0,0,0,0,0,0
2020-01-04,4,1,11,2,0,4,7,6,8,2,3,1,0,2,0,11,0,3,0,0,4,0,0,1,0,1,13,0,1,1,3,0,7,0,1,0,0,0,1,0,0,0,0,1,1,2,0,3,0,0,0,1,1,0,0,1,1,1,1,0,0,0,0,1,0,0,1,0,0,0,0,1,0,0,1,0,0,0,0,0,0,0,0,0,0,0,0,0,0,2,0,0,0,0,0,0,0,0,0,0,0,0,0,1,0,1,0,0,0,0,0,0,0,0,0,0,0,0,0,0,0,0,0,0,0,0,0,0,0,0,0,0,0,0,0,0,0,0,0,0,0,0,0,0,0,1,0,0,0,0,0,0,0,0,0,0,0,1,0,0,0,0,0
2020-01-05,6,4,7,0,0,3,12,3,4,3,4,0,0,2,0,12,0,2,0,0,3,0,0,1,0,0,9,0,2,0,0,0,3,0,1,0,3,1,0,0,2,0,0,0,0,1,0,3,0,0,0,0,0,0,0,2,3,0,0,0,0,0,1,0,0,0,0,0,1,0,0,0,1,0,0,0,0,0,0,0,0,1,0,0,0,0,0,0,0,1,0,0,0,0,0,0,0,0,0,0,0,0,0,0,0,0,0,0,0,0,0,0,0,0,0,0,0,0,0,0,0,0,0,0,0,0,0,0,0,0,0,0,0,0,0,0,0,0,0,0,0,0,0,0,0,0,1,0,0,0,0,0,0,0,0,0,0,0,0,0,0,0,0
2020-01-06,5,2,7,1,0,1,3,3,3,2,4,2,0,1,0,11,1,3,0,0,4,0,0,2,1,2,15,1,5,0,2,0,4,0,0,0,2,0,0,0,1,0,0,0,1,1,0,2,0,0,1,0,0,0,0,6,2,0,0,0,0,0,0,1,2,0,0,0,1,0,0,5,0,0,0,0,0,0,1,0,0,0,1,0,0,0,1,0,0,3,0,0,0,0,0,0,0,0,0,0,1,0,0,0,0,0,0,0,0,0,0,0,1,0,0,0,0,0,0,0,0,0,0,0,0,0,0,0,0,0,0,0,0,0,0,0,0,0,0,0,0,0,0,0,1,0,0,0,0,0,0,0,0,0,0,0,0,0,0,0,0,0,0
2020-01-07,7,3,1,0,0,4,8,1,1,2,3,2,0,1,0,8,0,1,0,1,3,0,0,3,0,0,12,2,0,0,1,0,2,0,0,0,1,1,0,0,0,0,0,0,1,1,0,1,0,0,1,0,0,0,0,6,1,0,0,2,0,0,1,1,0,1,0,0,0,1,0,1,2,0,0,0,0,0,1,0,1,0,0,0,0,0,0,0,0,1,0,1,0,1,0,0,0,0,0,0,0,0,0,0,0,0,1,0,0,0,0,0,0,0,0,0,0,0,0,0,0,0,0,0,0,0,0,1,0,0,0,0,0,0,0,0,0,0,0,0,0,0,0,0,0,0,0,0,0,0,0,0,0,0,0,0,0,0,0,0,0,0,0
2020-01-08,2,5,6,1,0,5,5,3,3,0,2,4,1,1,1,6,2,4,0,0,1,0,0,3,0,2,16,2,0,0,1,0,0,1,2,0,1,1,1,2,0,2,0,0,1,2,0,5,0,0,1,0,1,0,0,4,6,0,0,0,0,0,0,0,2,0,0,0,2,0,0,2,1,0,0,0,0,0,0,0,0,2,0,0,0,0,0,0,0,3,1,0,0,0,0,0,0,0,0,0,0,0,0,0,0,0,0,0,0,0,0,0,0,0,0,0,0,0,0,0,0,0,0,0,0,0,0,1,0,0,0,0,0,0,0,0,0,0,0,0,0,0,0,0,0,0,0,0,0,0,0,0,0,0,0,0,0,0,0,0,0,0,0
2020-01-09,2,0,5,0,2,5,7,1,5,2,2,1,1,2,0,7,2,3,0,0,4,0,0,0,0,0,13,1,2,2,0,0,1,0,1,0,2,0,1,0,0,0,0,0,5,1,0,1,0,0,0,0,0,0,0,6,2,0,0,0,0,0,0,1,0,0,0,0,0,0,0,5,0,1,0,0,0,0,0,0,0,0,1,0,0,0,0,0,0,2,1,0,0,0,0,1,0,0,0,1,0,0,0,0,0,0,0,0,0,0,0,0,0,0,0,0,0,0,0,0,0,0,0,0,0,0,0,0,0,0,0,0,0,0,0,0,0,0,0,0,0,0,1,0,0,0,0,0,0,0,0,0,0,1,0,0,0,1,0,0,0,0,0
2020-01-10,6,2,8,2,0,5,3,1,5,2,2,0,0,0,0,9,2,5,0,0,3,0,0,0,0,0,9,1,1,1,1,0,0,0,3,0,0,1,2,1,2,1,0,0,0,4,0,1,1,0,0,0,0,0,0,9,3,0,0,1,0,0,0,1,1,1,0,0,0,0,0,0,0,0,0,0,0,0,0,1,0,3,0,0,1,0,0,0,0,0,0,0,0,0,1,0,0,0,0,0,0,0,0,0,0,1,0,0,0,0,0,0,1,0,0,0,0,0,0,0,0,0,0,0,0,0,0,0,0,0,0,0,0,0,0,0,0,0,0,0,0,0,0,0,0,0,0,0,0,0,0,0,0,0,0,0,0,0,0,0,0,0,0
2020-01-11,2,1,4,2,2,6,11,2,1,0,2,1,1,0,0,10,2,2,0,2,2,0,0,1,1,2,8,2,3,0,0,0,4,0,3,0,0,0,1,0,3,0,0,0,3,4,0,1,0,0,1,1,1,1,0,3,1,0,0,0,0,1,0,1,1,1,0,0,0,0,0,3,0,0,0,0,0,0,0,0,0,1,0,0,0,0,0,0,0,0,0,1,0,0,1,0,0,0,0,0,0,0,0,0,0,0,0,0,0,0,0,0,0,0,0,0,1,0,0,0,0,0,0,0,0,0,1,0,0,0,0,1,0,0,0,0,0,1,0,0,0,0,0,0,0,0,0,0,0,0,0,0,0,0,0,0,0,1,0,0,0,0,0
2020-01-12,4,1,8,2,1,2,4,3,5,0,2,6,0,2,0,6,3,6,0,0,4,0,0,2,0,1,9,1,3,1,0,1,1,0,2,0,4,0,0,1,0,0,0,0,2,1,0,1,0,0,0,2,1,0,0,2,0,0,0,1,0,0,0,0,0,0,1,0,1,0,0,2,0,0,0,0,0,0,2,1,0,0,0,0,0,0,0,0,0,3,0,2,0,0,0,0,0,0,0,0,0,0,0,0,0,0,0,0,0,0,0,0,0,0,0,0,0,0,0,0,0,0,0,0,0,0,0,0,0,0,0,0,0,0,0,0,0,0,0,0,0,0,0,0,0,1,0,0,0,0,0,0,0,0,0,0,0,0,0,0,0,0,0
2020-01-13,5,3,7,0,1,5,8,4,5,0,4,4,0,0,1,6,0,0,0,0,3,0,0,2,0,1,10,2,1,0,1,0,3,0,1,1,2,0,0,1,0,0,0,0,0,1,0,4,0,0,0,0,0,0,0,3,0,0,1,1,0,0,0,0,0,1,0,0,0,0,0,0,0,0,1,0,0,0,0,0,0,0,0,0,0,0,1,0,0,1,0,0,0,0,0,1,0,0,0,0,0,0,0,0,0,0,0,0,0,0,0,0,0,0,0,0,0,0,0,0,0,0,0,0,0,0,0,0,0,0,0,0,0,0,0,0,0,0,0,0,0,0,0,0,2,0,0,0,0,0,0,0,0,0,0,0,0,0,0,0,0,0,0
2020-01-14,6,1,2,0,0,2,3,2,3,2,4,2,0,1,0,7,1,2,0,1,1,0,0,0,1,0,9,2,2,2,2,0,2,0,0,0,1,0,1,2,1,2,0,0,1,1,0,3,0,0,2,1,1,0,0,4,2,0,1,2,0,0,0,2,0,0,0,0,0,0,0,0,1,0,0,0,0,0,1,0,1,1,0,0,0,0,0,0,0,1,0,0,0,0,0,0,0,0,0,0,0,0,0,0,0,0,0,0,0,0,0,0,0,0,0,0,0,0,0,0,0,0,0,0,0,0,0,0,0,0,0,0,0,0,0,0,0,0,0,0,0,0,0,0,0,1,1,0,0,1,0,0,0,0,0,0,0,0,0,0,0,0,0
2020-01-15,3,3,4,3,0,6,6,1,2,0,7,1,0,2,0,11,4,3,0,0,4,0,0,1,1,3,14,0,2,1,0,0,2,1,1,0,1,0,0,2,0,1,0,0,1,1,0,0,0,0,0,1,0,0,0,0,1,0,0,0,0,0,0,0,1,0,1,0,0,0,0,1,0,1,0,0,0,0,1,0,0,0,0,0,0,0,0,0,0,1,0,0,0,0,0,0,0,0,0,0,0,0,0,0,0,0,0,0,1,0,0,0,0,0,0,0,1,0,0,0,0,1,0,0,0,0,0,0,0,0,0,0,0,0,0,0,1,1,0,0,0,0,0,0,0,1,0,0,0,0,0,0,0,0,0,0,0,0,0,0,0,0,0
2020-01-16,7,1,3,2,0,7,6,2,0,1,1,1,0,3,0,5,2,7,0,1,4,0,0,1,0,1,6,0,1,2,0,0,4,0,0,0,0,0,2,1,0,0,0,1,0,3,0,2,1,0,1,1,0,0,0,2,0,0,0,0,0,0,0,0,1,0,0,0,0,0,0,0,0,0,0,0,0,0,0,0,0,3,0,1,0,0,0,0,0,0,0,0,0,0,0,0,0,0,0,0,0,0,0,0,0,0,0,0,0,0,0,0,0,0,0,0,0,0,0,0,0,0,0,0,0,0,0,0,0,0,0,0,0,0,0,0,0,0,1,0,0,0,0,0,1,1,0,0,1,0,0,0,0,0,0,0,0,0,0,0,0,0,0
2020-01-17,9,3,7,2,2,4,4,2,5,1,1,4,0,3,0,2,5,5,0,3,2,0,0,5,2,2,6,1,4,1,3,0,1,0,4,0,0,1,0,0,0,1,0,0,1,3,0,2,0,1,0,2,0,0,0,2,3,0,0,0,0,0,0,1,0,0,0,0,0,0,0,2,0,0,0,0,0,0,0,0,0,1,0,0,0,0,0,0,0,1,0,0,0,1,0,2,0,0,0,0,0,0,0,0,0,0,0,0,1,0,0,0,0,0,0,0,0,0,0,0,0,0,0,0,0,0,0,0,0,0,0,0,0,0,0,0,0,0,0,0,0,0,0,0,0,0,0,0,0,0,0,0,0,0,0,0,0,0,0,0,0,0,0
2020-01-18,9,6,7,1,0,4,8,0,4,1,0,7,0,3,1,9,3,4,0,0,2,0,0,5,1,0,14,1,4,0,1,0,0,0,1,0,1,3,0,4,2,1,0,0,1,1,0,3,0,0,0,1,0,0,0,4,1,0,0,1,0,0,0,2,0,0,0,0,0,0,0,1,0,0,0,0,0,0,0,1,0,2,0,0,0,0,0,0,0,2,0,1,0,0,0,1,0,0,0,0,0,0,0,0,0,0,0,0,0,0,0,0,0,0,0,0,0,0,0,0,0,0,0,0,0,0,0,0,0,0,0,0,0,0,0,0,0,0,0,0,0,0,0,0,0,1,0,0,0,0,0,0,0,0,0,0,0,0,0,0,0,0,0
2020-01-19,10,1,11,0,0,4,7,0,3,0,2,6,0,1,0,7,4,1,0,0,0,0,0,1,2,0,8,1,4,0,1,0,0,0,2,0,0,0,1,1,0,0,0,0,1,1,0,1,0,0,1,1,1,0,0,4,2,0,0,1,0,0,0,0,1,0,0,0,1,0,0,1,0,1,0,0,0,0,1,0,0,1,0,0,0,0,0,0,0,3,0,3,0,1,1,0,0,0,0,0,0,0,0,0,0,0,0,0,0,0,0,0,0,0,0,0,0,0,0,0,0,0,0,0,0,0,0,1,0,0,0,0,0,0,0,0,0,0,0,0,0,0,0,0,0,2,0,0,0,0,0,0,0,0,0,0,0,0,0,0,0,0,0
2020-01-20,6,3,4,0,0,3,12,0,0,0,4,4,1,0,0,5,0,2,0,1,2,0,0,4,0,0,11,0,0,0,1,1,1,1,2,0,1,0,0,1,0,0,0,0,0,2,0,1,0,0,0,0,0,0,0,4,2,0,0,0,0,0,0,0,0,1,0,0,1,0,0,0,1,0,1,0,0,0,0,0,0,1,0,0,0,0,0,0,0,4,0,1,0,1,0,0,0,0,0,0,0,0,0,0,0,0,0,0,0,0,0,0,0,0,0,0,0,0,0,0,0,0,0,0,0,0,0,0,0,0,0,0,0,0,0,0,1,0,0,0,0,0,0,0,0,0,0,0,0,0,0,0,0,0,0,0,0,0,0,0,0,0,0
2020-01-21,6,1,6,2,0,3,8,3,3,1,3,3,0,3,0,3,0,1,0,1,1,0,0,3,1,1,12,3,5,0,1,0,1,0,1,0,0,0,1,1,0,1,0,0,1,0,0,0,0,0,1,0,1,0,0,6,3,0,0,0,0,1,0,0,1,0,0,0,0,0,0,1,0,0,0,0,0,0,0,0,2,2,1,0,0,0,1,0,0,3,0,1,0,1,0,0,0,0,0,0,0,2,0,0,0,0,1,0,1,0,0,0,0,0,0,0,0,0,0,0,0,0,0,0,0,0,0,0,0,0,0,0,0,0,0,0,0,0,0,0,0,0,0,0,0,1,0,0,0,0,0,0,0,0,0,0,0,1,0,0,0,0,0
2020-01-22,5,4,4,2,0,5,9,0,4,1,3,2,0,0,0,4,2,2,0,0,0,0,0,3,0,1,10,1,3,0,2,1,0,0,5,0,1,0,3,3,1,1,0,0,1,2,0,2,0,0,0,1,1,0,0,2,1,0,1,0,0,0,0,0,0,0,1,0,0,0,0,0,1,0,0,0,0,0,1,0,1,0,0,0,0,0,0,0,0,5,0,0,0,0,0,0,0,0,0,0,0,0,0,0,0,0,0,0,2,0,0,0,0,0,0,0,0,0,0,0,0,0,0,0,0,0,0,0,0,0,0,0,0,0,0,0,0,0,0,0,0,0,0,0,0,0,0,0,0,0,0,1,0,0,0,0,0,1,0,0,0,0,0
2020-01-23,7,1,11,1,0,4,4,1,0,0,4,2,0,3,0,4,0,2,0,0,2,0,0,2,0,1,5,3,3,0,1,0,2,0,4,0,0,0,1,1,1,1,0,0,2,1,0,1,0,0,0,0,0,0,0,4,4,0,0,0,0,0,0,1,0,0,0,0,0,0,0,0,0,0,0,0,0,0,0,0,0,1,0,0,0,0,0,0,0,3,0,0,0,0,0,0,0,0,0,0,0,0,0,0,0,0,0,0,0,0,0,0,0,0,0,0,0,0,0,0,0,0,0,0,0,0,0,0,0,0,0,0,0,0,0,0,0,0,0,0,0,0,0,0,0,0,0,0,0,0,0,0,0,0,0,0,0,0,0,0,0,0,0
2020-01-24,4,3,2,1,0,5,4,0,6,0,4,0,0,3,0,8,2,2,0,0,5,0,0,3,0,1,13,3,0,0,0,0,1,0,2,1,2,0,0,1,1,1,1,0,2,3,0,3,0,0,1,0,1,0,0,4,1,0,1,0,0,0,0,2,0,0,1,0,0,0,0,2,0,0,0,0,0,0,0,0,0,2,0,0,0,0,0,0,0,1,0,0,0,0,0,0,0,0,0,0,0,0,0,0,0,0,0,0,1,0,0,0,0,0,0,0,0,0,0,0,0,0,0,0,0,0,0,0,0,0,0,0,0,0,0,0,0,0,0,0,0,0,0,0,0,1,0,0,0,0,1,0,0,0,0,0,0,0,0,0,0,0,0
2020-01-25,8,0,8,0,0,4,4,2,5,2,3,0,0,3,0,6,0,0,1,0,2,0,0,5,0,1,12,0,2,0,1,0,3,1,2,0,5,3,0,1,1,1,0,0,1,2,0,4,1,0,1,0,0,0,0,4,3,0,0,0,0,0,0,0,0,0,0,0,0,0,0,1,0,0,0,0,0,0,0,0,0,1,0,0,0,0,0,0,0,0,1,0,0,0,0,0,0,0,0,0,1,0,1,0,0,0,0,0,0,0,0,0,0,0,0,0,1,0,0,0,0,0,0,0,0,0,0,0,0,0,0,0,0,0,0,0,0,0,0,0,0,0,0,1,0,0,1,0,0,0,0,0,0,0,0,0,0,0,0,0,0,0,0
2020-01-26,5,3,6,1,1,1,7,3,1,1,3,4,0,1,1,9,0,1,0,1,1,0,0,3,2,1,10,3,6,1,1,0,1,0,1,2,0,1,0,0,0,0,0,0,4,4,0,1,0,0,1,0,1,1,0,4,1,0,0,1,0,0,0,0,2,0,0,0,0,0,0,0,0,0,1,0,0,0,0,0,0,5,0,0,0,0,0,0,0,3,0,0,0,0,0,0,0,0,0,0,0,0,0,0,0,0,0,0,3,0,0,1,1,0,0,1,0,0,0,0,0,1,0,0,0,0,1,0,0,0,0,0,0,0,0,0,0,0,0,0,0,0,1,0,0,0,0,0,0,0,0,0,0,0,0,0,0,0,0,0,0,0,0
2020-01-27,3,6,9,1,0,6,8,2,2,0,3,3,0,4,0,6,2,2,0,0,1,0,0,4,0,0,11,3,3,1,2,0,3,1,2,0,1,0,0,1,2,1,0,0,1,1,0,2,0,0,1,0,0,0,0,9,0,0,0,1,1,0,1,1,0,0,0,0,0,0,0,1,0,0,0,0,0,0,1,0,0,0,0,0,0,0,0,0,0,2,0,0,0,0,0,0,0,0,0,0,0,0,0,0,0,0,0,0,0,0,0,0,0,0,0,0,0,0,0,0,0,0,0,0,0,0,0,0,0,0,0,0,0,0,1,0,0,0,0,0,0,0,0,0,0,0,0,0,0,1,0,0,0,0,0,0,0,0,0,0,0,0,0
2020-01-28,5,4,5,2,1,3,7,2,1,2,4,3,1,2,1,9,1,3,0,0,1,0,0,1,0,0,7,2,0,1,1,0,3,0,2,0,1,0,3,1,0,1,0,0,1,2,0,0,0,0,0,1,0,0,0,6,2,0,2,0,0,0,0,2,1,1,0,0,0,0,0,2,0,0,0,0,0,0,0,0,0,0,0,0,0,0,0,0,1,2,0,0,0,0,0,0,0,0,0,0,0,0,0,0,0,0,0,0,0,0,0,0,0,0,0,0,0,0,0,0,0,0,0,0,0,0,1,0,0,0,1,0,0,0,0,0,0,0,0,0,0,0,0,0,0,0,0,0,0,0,0,0,0,0,0,0,0,0,0,0,0,0,0
2020-01-29,5,3,7,1,0,4,6,2,2,3,2,4,0,2,0,6,2,0,0,0,1,0,0,0,0,1,7,1,2,0,1,0,3,1,0,0,1,2,3,2,1,0,0,1,0,1,1,4,0,0,0,2,0,2,0,2,2,0,1,0,0,0,0,0,2,0,0,0,0,0,0,0,0,0,0,0,0,0,2,1,0,1,0,0,0,0,0,0,0,0,0,2,0,0,0,0,0,0,0,0,0,0,0,0,1,0,0,0,0,0,0,0,0,0,0,0,0,0,0,0,0,0,0,0,0,0,0,0,0,0,0,1,0,0,0,0,0,0,0,0,0,0,0,0,0,0,0,0,0,0,0,0,0,0,0,0,0,0,0,0,0,0,0
2020-01-30,7,3,10,0,0,6,5,1,4,1,5,1,0,2,0,3,1,0,0,2,0,0,0,1,0,0,13,1,5,0,1,0,1,0,3,0,0,0,1,2,0,2,0,0,1,6,1,2,1,0,0,0,0,0,0,0,1,0,0,1,0,0,0,1,0,0,0,0,0,0,0,0,0,0,0,0,0,0,0,0,1,1,0,0,0,0,0,0,0,2,0,2,0,0,0,0,0,0,0,0,0,0,0,0,0,0,0,0,1,0,0,0,0,0,0,0,0,0,0,0,0,0,0,0,0,0,0,0,0,0,0,0,0,0,0,0,0,0,0,0,0,0,0,0,0,0,0,0,0,1,0,0,0,0,0,0,0,0,0,0,0,0,0
2020-01-31,7,2,8,0,0,6,13,1,2,4,3,1,0,1,0,10,1,2,0,0,0,0,0,1,0,0,4,3,2,0,1,1,2,0,1,1,0,0,0,2,0,0,0,0,2,2,0,2,0,0,2,0,0,0,0,3,5,0,0,1,0,0,0,0,0,0,0,0,1,0,0,0,1,0,1,0,0,0,0,0,0,1,0,0,0,0,0,0,0,3,1,0,0,0,0,0,0,0,0,0,0,0,0,0,0,1,0,0,0,0,1,0,1,0,0,1,0,0,0,1,0,1,0,0,0,0,0,0,0,0,0,1,0,0,0,0,0,0,0,0,0,0,0,0,0,0,0,0,0,0,0,0,0,0,0,0,0,0,0,0,0,0,0
2020-02-01,3,1,7,1,0,3,5,3,5,0,0,2,0,1,0,7,0,2,0,2,2,0,0,1,0,0,10,0,2,1,0,0,1,0,2,0,1,0,4,0,2,0,0,0,1,1,0,0,0,0,0,0,1,0,0,7,3,0,0,0,0,0,0,0,2,0,1,0,0,0,0,0,1,0,0,0,0,0,1,0,1,2,0,0,0,0,2,0,0,0,0,2,0,0,0,0,0,0,0,0,0,0,0,0,0,0,0,0,1,0,0,0,0,0,0,0,0,1,0,0,0,0,0,0,0,0,0,0,0,0,1,0,0,0,0,0,0,0,0,0,0,0,0,0,0,0,0,0,0,0,0,0,1,0,0,0,0,0,0,0,0,0,0
2020-02-02,2,2,3,2,0,2,4,1,6,0,0,5,1,2,0,9,0,2,0,0,3,0,0,3,0,0,7,0,0,0,1,0,2,0,1,0,1,0,0,0,1,1,0,0,0,0,0,1,0,0,0,0,0,0,0,4,1,1,0,0,0,0,0,3,1,0,0,0,1,0,0,0,1,0,0,0,0,0,0,0,0,0,0,0,0,0,0,0,0,1,0,0,0,0,0,0,0,0,0,0,0,0,0,0,0,0,0,0,0,0,0,0,0,0,0,0,0,0,0,0,0,0,0,0,0,0,0,1,0,0,0,0,0,0,0,0,0,0,0,0,0,0,0,0,0,0,0,0,0,0,0,0,0,0,0,0,0,0,0,0,0,0,0
2020-02-03,8,3,5,1,0,10,2,1,3,2,1,2,1,1,0,4,0,1,0,0,1,0,0,2,2,2,6,3,3,0,1,0,4,0,2,0,2,0,1,2,0,2,0,0,1,1,0,2,0,0,0,0,1,0,0,5,2,0,1,0,0,0,0,0,1,0,0,0,1,0,0,2,1,0,0,1,0,0,0,0,0,1,0,0,0,0,0,0,0,2,0,0,0,1,0,0,0,0,0,0,0,0,0,0,0,0,0,0,1,0,0,0,0,0,0,0,0,0,0,0,0,0,0,0,0,0,0,0,0,0,0,1,0,0,0,0,0,0,0,0,0,0,0,0,0,0,1,0,0,0,0,0,0,0,0,0,0,1,0,0,0,0,0
2020-02-04,10,5,7,0,0,1,8,3,0,5,2,1,0,0,0,6,0,2,0,0,6,0,0,1,0,0,10,0,0,0,1,0,1,0,3,0,0,0,0,1,0,1,0,0,2,4,0,0,0,0,0,0,0,1,0,5,1,0,0,0,0,1,0,1,0,0,0,0,0,0,0,0,1,0,0,0,0,0,0,0,0,3,0,0,0,0,0,0,0,1,0,0,0,0,0,0,0,0,0,0,0,0,0,0,0,1,1,0,0,0,0,0,0,0,0,0,0,0,0,0,0,0,0,0,0,0,0,0,0,0,0,0,0,1,0,0,0,0,0,0,0,0,0,0,0,0,0,0,0,0,0,0,0,0,0,0,0,0,0,0,0,0,0
2020-02-05,5,2,3,0,1,3,9,0,6,0,1,1,0,1,0,6,2,0,0,1,3,0,0,1,1,0,6,3,1,0,3,0,3,0,1,0,1,2,0,2,1,0,0,0,3,1,0,2,1,0,0,0,2,0,1,5,2,0,1,2,0,0,0,1,1,0,1,0,0,0,0,1,0,0,1,0,0,0,1,0,0,1,0,0,0,0,0,0,0,1,1,0,0,0,1,0,0,0,0,0,0,0,0,0,0,1,0,0,0,0,0,0,0,0,0,0,0,0,0,0,0,0,0,0,0,0,0,0,0,0,0,1,0,0,0,0,0,0,0,0,0,0,1,0,0,0,0,0,0,0,0,0,0,0,0,0,0,0,0,0,0,0,0
2020-02-06,2,3,9,3,0,3,6,1,3,1,4,0,0,4,0,11,1,1,0,0,5,0,0,0,2,1,10,0,2,0,2,0,1,0,1,0,0,0,1,0,1,0,0,0,1,1,0,0,0,0,0,1,1,0,0,0,0,0,0,1,0,0,1,0,1,0,0,0,1,0,0,3,1,0,1,0,0,0,1,0,0,3,0,0,0,0,0,0,0,0,0,1,1,0,0,0,0,0,0,0,0,0,0,0,0,0,0,0,2,0,0,0,0,0,1,0,0,1,0,0,0,0,0,0,0,0,0,0,0,0,0,0,0,1,0,0,0,0,0,0,0,0,0,0,0,0,0,0,0,0,0,0,0,0,0,0,0,0,0,0,0,0,0
2020-02-07,8,0,9,1,1,7,4,2,4,2,3,8,0,0,0,8,2,0,0,0,5,0,0,1,0,0,6,2,4,0,0,1,5,0,0,0,0,1,1,2,0,1,0,1,4,3,0,1,2,0,0,1,1,0,0,4,1,0,0,1,0,1,0,3,1,0,0,0,1,0,0,2,0,0,0,0,0,0,0,0,0,2,0,0,0,0,0,0,0,0,0,0,0,0,0,0,0,0,0,0,0,0,0,0,0,0,1,0,0,0,0,0,0,0,0,0,0,0,0,0,1,0,0,0,0,0,0,0,0,0,0,0,0,0,0,0,0,0,0,0,0,0,0,0,0,0,0,0,0,0,0,0,0,0,0,0,0,0,0,0,0,0,0
2020-02-08,5,4,1,2,0,2,5,0,0,3,1,0,0,1,0,5,3,3,0,0,5,0,0,2,1,0,11,0,1,0,1,1,2,0,2,0,1,2,1,1,1,1,0,0,1,1,0,3,0,0,0,2,0,0,0,1,2,0,0,0,0,0,0,0,0,0,0,0,0,0,0,2,0,1,1,0,0,0,0,0,0,3,0,0,0,0,0,0,0,0,0,0,0,0,0,0,0,0,0,0,0,0,0,0,0,0,0,0,0,0,1,0,1,0,0,0,0,0,0,0,0,0,0,0,0,0,0,0,0,0,0,0,0,0,0,0,0,0,0,0,0,0,0,0,0,0,0,0,0,0,0,0,0,0,0,0,0,0,0,0,0,0,0
2020-02-09,5,2,6,1,1,6,10,0,1,1,4,3,1,3,0,7,1,2,0,0,4,0,0,7,0,0,4,3,0,0,0,0,2,0,5,0,2,0,2,0,0,1,0,0,2,0,0,3,0,0,0,2,0,0,0,5,0,0,0,1,0,0,0,0,1,1,0,0,1,0,0,1,0,0,0,0,0,0,0,0,0,2,0,0,0,0,0,0,0,2,0,1,0,0,0,0,0,0,0,0,0,1,0,0,1,1,0,0,0,0,0,0,0,0,0,0,0,0,0,0,0,0,0,0,0,0,0,0,0,0,0,0,0,0,0,0,0,0,0,0,0,0,0,0,1,0,0,0,0,0,0,0,0,0,0,0,0,0,0,0,0,0,0
2020-02-10,3,1,5,0,0,4,6,0,5,2,3,3,0,3,1,4,0,2,0,0,1,0,0,2,0,0,16,4,1,0,0,0,1,1,0,0,0,1,2,0,0,1,0,0,2,3,0,1,0,0,0,0,0,0,0,4,0,0,0,0,0,0,0,0,0,0,0,0,0,0,0,2,1,0,0,0,0,0,2,0,0,1,0,0,0,0,1,0,0,0,0,0,0,0,0,0,0,0,0,0,0,0,0,0,0,1,0,0,1,0,0,0,1,1,0,0,0,0,0,0,0,0,0,0,0,0,0,0,0,0,0,0,0,0,0,0,0,0,0,0,0,0,0,0,0,0,0,0,0,0,0,0,0,0,0,0,0,0,0,0,0,0,0
2020-02-11,4,3,8,2,1,3,4,0,5,1,4,1,0,9,0,6,2,2,0,2,1,0,0,0,1,0,9,0,1,1,1,0,1,0,0,0,1,0,0,0,0,0,0,0,0,0,0,0,0,0,0,1,0,0,0,7,2,1,0,0,0,0,0,0,0,0,0,0,0,0,0,1,0,0,0,0,0,0,0,1,0,1,0,0,0,0,0,0,0,0,0,0,0,0,0,0,0,0,0,0,0,0,0,0,0,0,0,0,0,0,0,0,0,0,0,0,1,0,0,0,0,0,0,0,0,0,0,0,0,0,0,0,0,0,0,0,0,0,0,0,0,0,0,0,1,0,1,1,0,0,0,0,0,0,0,0,0,0,0,0,0,0,0
2020-02-12,5,1,4,3,0,3,2,4,0,1,2,2,0,0,1,9,1,0,0,0,4,0,0,3,1,1,11,2,3,0,1,0,2,0,4,0,1,0,0,2,3,0,0,0,0,0,0,0,0,0,1,2,0,0,0,3,1,1,0,0,0,0,0,0,0,0,1,0,0,1,0,1,0,0,0,0,0,1,0,0,1,0,0,0,0,0,0,0,0,3,1,3,0,0,0,0,0,0,0,0,0,0,0,0,0,0,0,0,0,0,0,0,0,0,0,0,1,0,0,0,0,0,0,0,0,0,0,1,1,0,0,0,0,0,0,0,0,0,0,0,0,0,0,0,0,0,0,0,0,0,0,0,0,0,0,0,0,0,0,0,0,0,0
2020-02-13,4,5,7,3,2,9,4,2,7,0,2,3,0,2,0,5,2,0,0,0,1,0,0,5,1,1,13,0,0,0,1,0,0,0,1,0,1,1,0,1,0,1,0,0,1,0,1,3,0,0,0,1,1,0,0,5,3,0,0,1,0,0,0,2,0,0,0,0,1,1,0,1,0,0,0,0,0,1,0,0,0,2,0,0,0,0,0,0,0,2,0,0,0,0,0,0,0,0,0,0,0,0,0,0,0,0,0,0,2,0,0,0,0,0,0,0,0,0,0,0,0,0,0,0,0,0,0,0,0,0,0,0,0,0,0,0,0,0,0,0,0,0,2,0,0,0,0,0,0,0,0,0,0,0,0,0,0,0,0,0,0,0,0
2020-02-14,2,1,6,0,1,2,3,0,2,2,4,1,0,1,1,5,3,4,0,1,3,0,0,0,0,0,13,2,1,2,0,0,2,0,3,0,1,0,0,2,0,0,0,0,2,0,0,2,1,0,1,0,0,0,1,6,1,0,1,0,0,0,0,1,1,0,0,0,1,0,0,0,0,0,0,0,0,0,1,0,2,0,0,0,0,0,1,0,0,2,0,0,0,0,0,0,0,0,0,0,0,0,0,0,0,0,0,0,2,0,0,0,0,0,0,0,0,1,0,0,0,0,0,0,0,0,0,0,0,0,0,0,0,0,0,0,0,0,0,0,0,0,1,0,0,0,0,0,0,0,0,0,0,0,0,0,0,0,0,0,0,0,0
2020-02-15,2,2,1,2,0,3,5,2,5,1,0,3,0,0,1,8,3,2,1,1,1,0,0,1,1,1,11,1,2,0,0,0,1,0,1,0,1,2,0,2,2,0,0,0,1,3,0,3,0,0,0,1,0,1,1,6,1,0,0,0,0,0,0,1,0,1,0,0,0,0,0,4,0,0,0,0,0,0,2,0,1,3,0,0,0,0,0,0,0,3,0,0,0,0,0,0,1,0,0,0,0,1,0,0,0,0,0,0,1,0,0,0,1,0,0,0,0,0,0,0,0,0,0,0,0,0,0,1,0,0,0,0,0,0,0,0,0,0,0,0,0,0,0,0,0,0,0,0,0,0,0,0,0,0,0,0,0,0,0,0,0,0,0
2020-02-16,5,1,11,1,1,6,8,3,2,1,2,6,0,2,0,7,1,3,0,0,1,0,0,2,3,1,8,5,0,1,1,0,1,0,0,0,1,0,0,3,2,0,0,0,3,1,0,2,2,0,1,2,0,0,0,4,0,0,0,0,0,0,0,0,1,2,0,0,0,1,0,3,0,0,0,0,0,0,1,0,0,2,0,0,0,0,1,0,0,3,0,0,0,0,0,1,0,0,0,0,0,0,0,0,0,0,0,0,1,0,0,0,0,0,0,0,0,0,0,0,0,0,0,0,0,0,0,1,0,0,0,1,0,0,0,0,0,0,0,0,0,0,0,0,0,0,0,0,0,0,0,0,0,0,0,0,0,0,0,0,0,0,0
2020-02-17,3,2,9,1,0,3,2,2,1,1,2,2,1,3,0,13,0,1,0,0,3,0,0,2,0,0,14,2,4,0,1,0,0,1,1,0,0,0,2,0,0,0,0,0,1,0,0,0,0,0,0,2,0,0,0,6,1,1,0,0,0,0,0,0,0,0,0,0,0,1,0,2,0,0,0,0,0,0,0,0,0,2,0,0,0,0,0,0,0,2,0,1,0,0,0,0,0,0,0,0,0,0,0,0,0,0,0,0,2,0,0,0,0,0,0,0,0,0,0,0,0,0,0,0,0,0,0,0,0,0,0,0,0,0,0,0,1,0,0,0,0,0,0,0,0,1,0,0,1,0,0,0,0,0,0,0,0,0,0,0,0,0,0
2020-02-18,5,1,6,0,0,4,5,1,4,3,2,1,0,2,0,5,1,0,0,0,0,0,0,3,1,0,13,2,2,0,2,0,1,2,2,0,1,0,0,2,2,0,0,0,0,1,0,3,0,0,1,1,1,0,0,1,2,0,1,1,0,0,0,0,2,0,0,0,1,0,0,1,0,0,0,0,0,0,0,0,1,1,0,1,0,0,0,0,0,1,0,0,1,0,0,0,0,0,0,0,0,0,0,0,0,0,0,0,1,0,0,0,1,0,0,0,0,0,0,0,0,0,0,0,0,0,1,0,0,0,0,0,0,0,0,0,0,0,0,0,0,0,0,0,0,0,0,0,0,0,0,0,0,0,0,0,0,0,0,0,0,0,0
2020-02-19,1,3,6,0,0,5,5,1,2,1,3,2,0,1,0,12,0,2,0,1,2,0,0,2,1,1,12,0,2,0,1,0,1,0,1,1,3,0,0,0,1,0,0,0,1,2,0,2,0,0,1,0,1,0,1,2,3,0,0,1,0,0,0,2,1,0,1,0,0,0,0,0,2,0,0,0,0,0,1,0,0,1,0,0,0,0,0,0,0,1,0,0,0,0,0,0,0,0,0,0,0,0,0,0,0,0,0,0,2,0,0,0,1,0,0,0,1,0,0,0,0,0,0,0,0,0,0,0,0,0,0,0,0,0,0,0,0,0,0,0,0,0,0,0,0,1,0,0,0,0,0,0,0,0,0,0,0,0,0,0,0,0,0
2020-02-20,6,1,6,0,1,8,10,1,6,1,5,1,0,0,0,7,1,1,0,0,5,0,0,1,0,1,14,0,4,0,0,0,3,0,1,0,0,1,2,4,1,0,0,0,1,1,0,1,2,0,1,0,0,0,0,2,2,0,0,0,0,0,0,0,0,1,0,0,0,0,0,0,0,0,0,0,0,0,0,0,0,1,0,0,0,0,0,0,1,0,1,0,0,0,0,0,0,0,0,0,0,0,0,0,0,0,0,0,0,0,0,0,0,0,0,0,0,0,0,0,0,0,0,0,0,0,0,0,0,0,0,0,0,0,0,0,0,0,0,0,0,0,0,0,0,0,0,0,1,0,0,0,0,0,0,0,0,0,0,0,0,0,0
2020-02-21,4,0,9,0,0,4,8,1,6,1,1,0,0,2,0,7,0,1,0,0,1,0,0,1,1,0,14,1,0,2,1,0,0,1,2,0,1,0,0,2,0,1,0,0,1,2,0,1,0,0,1,0,1,0,0,1,0,0,0,1,0,0,0,0,0,0,1,0,1,0,0,0,0,1,0,0,0,0,0,0,1,2,0,0,0,0,0,0,0,0,0,1,0,0,0,0,0,0,0,0,0,0,0,0,0,1,0,0,0,0,0,0,0,0,0,1,0,0,0,0,0,0,0,0,0,0,0,0,0,0,0,0,0,0,0,0,0,0,0,0,0,0,0,0,0,0,0,0,0,0,0,0,0,0,0,0,0,0,0,0,0,0,0
2020-02-22,5,2,10,2,1,0,12,0,4,1,2,2,0,1,1,6,3,2,0,1,0,0,0,1,2,0,10,0,2,0,1,0,1,0,1,2,1,0,1,0,1,0,0,0,0,3,0,0,0,0,1,0,0,0,0,1,2,1,0,0,0,0,0,0,0,0,0,0,1,0,0,7,0,0,0,0,0,0,0,0,0,0,0,0,0,0,0,0,0,1,0,0,0,0,0,0,0,0,0,0,0,0,0,0,0,0,0,0,0,0,0,0,0,0,0,0,0,0,0,0,0,0,0,0,0,0,0,0,0,0,0,0,0,0,0,0,0,0,0,0,0,0,0,0,0,0,0,0,0,0,0,0,0,0,0,0,0,0,0,0,0,0,0
2020-02-23,2,1,5,0,0,3,4,2,2,0,2,1,0,3,1,7,2,4,0,0,0,0,0,2,0,0,7,1,0,0,0,0,1,1,3,0,0,1,1,3,0,0,0,1,3,1,0,3,0,0,1,1,0,0,0,1,1,0,1,1,0,0,0,0,1,2,0,0,0,0,0,0,1,0,0,0,0,0,0,0,0,0,0,0,0,0,0,0,0,3,0,0,0,0,0,0,0,1,0,0,1,0,0,0,0,0,0,0,1,0,0,0,0,0,0,0,0,0,0,0,0,0,0,0,0,0,0,0,0,0,0,0,0,0,0,0,0,0,0,0,0,0,1,0,0,0,0,0,0,0,0,0,0,0,0,0,0,0,0,0,0,0,0
2020-02-24,5,1,4,0,0,4,4,2,5,1,2,2,0,1,0,3,1,1,0,0,4,0,0,2,0,0,8,1,0,0,1,0,5,1,1,0,1,0,0,0,1,1,0,0,1,0,0,2,1,0,0,1,0,0,0,3,2,0,0,0,0,0,0,1,2,0,1,0,0,0,0,0,1,1,1,0,0,0,0,0,1,1,0,0,0,0,0,0,0,0,0,0,1,0,0,0,0,0,0,0,0,0,0,0,0,0,0,0,0,0,0,0,0,0,0,0,0,0,0,0,0,0,0,0,0,0,0,0,0,0,0,0,0,0,0,0,0,0,0,0,0,0,0,0,2,0,0,0,0,0,0,0,0,0,0,0,0,0,0,0,0,0,0
2020-02-25,8,0,6,1,0,2,1,4,3,1,1,4,0,2,0,6,3,4,0,1,3,0,0,2,0,0,13,1,0,1,0,0,4,2,1,0,1,0,0,0,1,1,0,0,0,0,0,0,0,0,0,1,0,0,0,5,2,0,0,0,0,0,0,0,0,0,0,0,0,0,1,1,0,0,0,0,0,0,1,0,0,2,0,0,0,0,0,0,0,0,0,1,0,0,0,1,0,0,0,0,0,0,0,1,0,0,0,0,0,0,0,0,0,0,0,0,0,0,0,0,0,2,0,0,0,0,0,2,0,0,0,0,0,0,0,0,0,0,0,0,0,0,0,0,1,0,0,0,1,0,0,0,0,0,0,0,0,0,0,0,0,0,0
2020-02-26,0,8,4,0,0,6,6,3,2,1,4,3,1,0,0,6,1,4,0,1,1,0,0,1,1,0,9,1,2,0,0,0,0,1,1,1,2,0,0,2,1,0,0,0,0,1,0,0,0,0,1,0,1,0,0,4,3,0,0,1,0,0,0,1,0,0,0,0,0,0,0,0,0,0,0,0,0,0,1,1,0,2,0,0,0,0,0,0,0,1,0,1,0,0,0,0,0,0,0,0,0,0,0,0,0,0,0,0,0,0,0,0,0,0,0,0,1,0,0,0,0,0,0,0,0,0,0,0,0,0,0,0,0,0,0,0,0,0,0,0,0,0,0,0,0,0,0,0,1,0,0,0,0,0,0,0,0,0,0,0,0,0,0
2020-02-27,5,2,6,2,0,5,2,2,5,2,1,3,0,2,0,4,3,2,0,1,3,0,0,2,0,1,11,0,4,0,0,0,2,0,3,0,1,0,1,1,2,1,0,0,0,0,0,0,0,0,2,0,0,0,0,5,2,0,0,0,0,0,0,2,0,0,0,0,0,0,0,0,0,0,0,0,0,0,0,0,0,1,0,0,0,0,0,0,0,2,0,0,0,0,0,0,0,0,0,0,0,1,0,0,0,0,1,0,0,0,0,0,0,0,0,0,0,0,0,0,0,0,0,0,0,0,0,1,0,0,0,0,0,0,0,0,0,0,0,0,0,0,0,0,0,1,0,0,0,0,1,0,0,0,0,0,0,0,0,0,0,0,0
2020-02-28,5,4,4,1,0,5,7,1,6,1,1,2,1,2,0,6,2,1,0,1,6,0,0,0,0,1,14,1,2,0,1,0,3,0,3,0,0,0,4,0,1,0,0,0,0,2,0,0,1,0,0,0,0,0,0,4,3,0,0,0,0,0,1,1,1,0,0,0,0,0,0,0,0,0,0,0,0,0,0,0,0,1,0,0,0,0,0,0,0,1,0,0,0,0,0,1,0,0,0,0,0,0,0,0,0,0,0,0,0,0,0,0,0,0,0,0,0,0,0,0,0,0,0,0,0,0,0,0,0,0,0,1,0,0,0,0,1,0,0,0,0,0,0,0,0,0,0,0,0,0,0,0,0,1,0,0,0,0,0,0,0,0,0
2020-02-29,5,2,6,2,1,3,4,2,8,1,4,2,0,0,0,8,0,4,0,0,1,0,0,2,1,2,8,1,0,0,0,0,4,0,3,0,1,0,0,0,2,1,1,0,1,1,0,2,1,0,1,1,1,0,0,1,3,0,0,0,0,0,0,0,0,1,0,0,0,0,0,2,0,0,0,0,0,0,0,0,0,1,0,0,0,1,1,0,0,2,0,0,0,0,0,0,0,0,0,0,0,0,0,0,0,0,1,0,0,1,0,1,2,0,0,0,0,0,0,0,0,0,0,0,0,0,0,1,0,0,0,0,0,0,0,0,0,0,0,1,0,0,0,0,0,0,0,0,0,0,0,0,0,0,1,0,0,0,0,0,0,0,0
2020-03-01,4,4,7,1,0,1,3,1,2,2,6,1,0,0,0,4,4,1,0,1,2,0,0,3,0,1,5,5,3,0,0,0,1,0,1,0,2,0,1,2,0,1,0,0,1,5,0,2,0,0,0,0,2,0,0,2,2,0,1,1,0,0,0,0,0,0,0,0,0,0,0,0,0,0,0,0,0,0,1,0,1,0,0,0,0,0,0,0,0,1,0,0,0,0,0,0,0,0,0,0,0,0,0,0,0,2,0,0,1,1,0,0,1,0,0,0,0,0,0,0,0,0,0,0,0,0,0,0,0,0,0,2,0,0,0,0,0,0,0,0,0,0,0,0,0,0,0,0,0,0,0,0,0,0,0,0,0,0,0,0,0,0,0
2020-03-02,8,2,4,0,1,3,4,2,4,2,3,3,3,3,0,2,0,2,0,0,3,0,0,3,0,0,8,2,2,0,0,0,1,0,1,0,1,0,0,1,0,0,0,0,2,2,0,0,0,0,0,0,0,0,1,2,1,0,0,0,0,0,0,0,0,0,0,0,1,0,0,2,0,0,1,0,0,0,0,0,1,1,0,0,0,0,0,0,0,1,0,1,1,0,0,0,0,0,0,0,1,0,0,0,0,0,0,0,0,0,0,0,0,1,1,0,0,0,0,0,0,1,1,0,0,0,0,0,0,1,0,0,0,0,0,0,0,0,0,0,0,0,0,0,0,1,0,0,0,0,0,0,0,0,0,0,0,0,0,0,0,0,0
2020-03-03,7,3,10,0,0,4,7,1,4,2,2,3,0,2,0,5,1,2,0,1,1,0,0,1,0,0,8,2,3,0,0,0,0,0,0,0,2,0,0,0,0,0,0,0,2,2,1,1,1,0,0,1,0,0,0,5,1,0,1,0,0,0,0,1,0,0,0,0,0,0,0,0,0,0,0,0,0,0,0,0,0,1,0,0,0,0,1,0,0,1,0,0,0,0,0,0,0,0,0,0,0,0,0,0,0,0,1,0,0,0,0,1,1,0,0,0,0,0,0,0,0,0,0,0,0,0,0,0,0,0,0,0,0,0,0,0,0,0,0,0,0,0,1,0,0,0,0,0,0,1,0,0,0,0,0,0,0,0,0,0,0,0,0
2020-03-04,4,2,7,2,0,6,8,1,2,4,6,1,0,2,0,8,1,3,0,3,4,0,0,2,1,0,7,2,0,0,2,0,2,0,1,0,0,2,1,2,2,0,0,0,2,0,0,2,1,0,1,1,0,0,1,6,0,0,0,0,0,0,0,0,1,0,0,0,0,0,0,1,1,0,1,0,0,0,0,0,1,0,0,0,0,0,0,0,0,3,1,0,0,0,0,0,0,0,0,0,0,0,0,0,0,1,0,0,0,0,0,0,0,0,0,0,1,0,1,0,0,0,0,0,0,0,0,0,0,0,0,0,0,0,0,0,0,0,0,0,0,0,0,0,0,1,0,0,0,0,0,0,0,0,0,0,0,0,0,0,0,0,0
2020-03-05,5,1,6,1,2,7,6,4,2,1,4,1,2,1,0,9,1,1,0,1,2,0,0,1,0,0,9,2,3,1,2,0,3,1,1,0,2,0,1,2,0,0,1,0,2,3,0,2,0,0,0,0,0,0,0,2,1,0,1,0,0,0,0,1,0,0,0,0,0,0,0,0,0,0,0,0,0,0,0,0,0,1,0,0,0,0,2,0,0,0,0,0,0,1,0,0,0,1,0,0,0,0,0,0,0,1,0,0,3,0,1,0,0,0,0,0,0,0,0,0,0,0,0,0,0,0,0,0,0,0,0,0,0,0,0,0,0,0,0,0,0,0,0,0,0,0,0,0,0,0,0,0,0,0,0,0,0,0,0,0,0,0,0
2020-03-06,3,0,4,1,0,6,5,7,5,2,4,3,0,2,0,5,0,2,0,1,2,0,0,0,0,0,12,1,2,1,1,1,2,0,2,0,1,0,1,2,0,0,0,0,3,3,0,2,0,0,0,3,0,0,0,2,5,0,0,1,0,0,0,1,0,0,1,0,0,0,0,0,0,0,0,0,0,0,0,0,1,1,0,0,0,0,0,0,0,2,0,1,0,0,0,0,0,0,0,0,1,0,0,0,0,0,0,0,0,0,0,0,0,0,0,0,0,0,0,0,0,0,0,0,0,0,0,1,0,0,0,0,0,0,0,0,0,0,0,0,0,0,0,0,0,0,0,0,0,0,0,0,0,0,0,0,0,0,0,0,0,0,0
2020-03-07,3,4,5,0,0,4,3,1,6,1,1,0,0,1,0,8,2,1,0,0,3,0,0,1,0,0,6,1,1,0,1,0,2,1,1,0,0,0,0,3,2,0,0,0,1,0,0,2,1,0,0,2,0,0,0,3,0,0,1,0,0,0,0,1,0,0,1,1,0,0,0,1,0,0,0,0,0,0,0,0,0,4,1,0,0,0,0,0,0,3,0,1,0,0,0,0,0,0,0,0,0,0,0,0,0,0,0,0,0,0,0,0,1,0,0,0,0,1,0,0,1,0,0,0,0,0,0,0,0,0,0,0,0,0,0,0,0,0,0,0,0,0,0,0,0,1,0,0,0,0,0,0,0,0,0,0,0,0,0,0,0,0,0
2020-03-08,2,1,3,0,1,2,3,1,4,3,3,5,0,4,0,9,0,3,0,0,3,0,0,3,1,1,14,3,5,0,0,0,1,0,1,1,0,0,0,1,1,2,0,2,3,2,0,2,1,0,1,0,1,0,0,3,1,0,1,0,0,0,0,0,0,0,0,0,1,0,0,0,0,0,0,0,0,0,1,0,0,1,0,0,0,0,0,0,0,0,0,0,0,1,0,0,0,0,0,0,0,0,0,0,0,0,0,0,1,0,0,0,0,0,0,0,0,0,0,0,0,0,0,0,0,0,0,0,0,0,1,0,0,0,0,0,0,0,0,0,0,0,0,0,0,2,1,0,0,0,0,0,0,0,0,0,0,0,0,0,0,0,0
2020-03-09,6,0,9,1,0,1,4,0,1,3,3,3,0,2,0,9,3,2,0,1,2,0,0,4,0,1,3,2,1,0,2,1,2,0,0,0,1,0,1,1,0,1,0,0,0,2,0,3,0,1,1,0,1,0,0,1,4,1,0,0,0,0,0,1,0,0,0,0,1,0,0,4,2,0,0,0,0,0,0,0,0,1,0,0,0,0,0,0,0,2,0,0,0,0,0,0,0,0,0,0,0,0,0,0,1,1,1,0,2,1,1,0,0,0,0,0,0,0,0,0,0,0,0,0,0,0,0,0,0,0,0,0,0,0,0,0,0,0,0,0,0,0,1,0,0,0,0,0,0,0,0,0,0,0,0,0,0,0,0,0,0,0,0
2020-03-10,6,2,6,2,1,7,4,1,1,7,5,1,1,3,0,5,1,0,0,0,2,0,0,0,2,0,5,5,3,0,2,0,2,1,2,0,1,0,0,1,1,0,0,1,2,3,0,3,0,0,0,2,0,0,0,2,3,0,0,0,0,0,0,1,1,2,1,0,1,0,0,1,0,1,0,0,0,0,0,0,0,2,0,0,0,0,1,0,0,3,0,0,0,0,0,0,0,0,0,0,0,0,0,0,0,0,0,0,0,0,0,0,0,0,0,0,0,0,0,1,0,0,0,0,0,0,0,0,0,0,0,0,0,0,0,0,0,0,0,0,0,0,0,0,0,0,0,0,0,0,0,0,0,0,0,0,0,0,0,0,0,0,0
2020-03-11,5,2,7,1,0,2,4,5,2,1,4,2,1,2,0,5,3,1,0,0,4,0,0,3,1,0,9,3,3,1,1,0,2,0,1,0,1,0,0,1,0,1,0,0,1,1,0,1,0,1,0,0,0,0,0,10,2,0,0,1,0,0,0,0,1,1,0,0,0,0,0,1,0,0,0,0,0,0,1,0,0,1,0,0,0,0,1,0,0,1,0,0,0,0,1,0,0,0,0,0,0,1,0,0,0,0,1,0,0,0,0,0,0,0,0,0,0,0,0,0,0,0,0,0,0,0,0,0,0,0,0,0,0,0,0,0,0,0,0,0,0,0,0,0,0,0,1,0,0,0,0,0,0,0,0,0,0,0,0,0,0,0,0
2020-03-12,1,1,5,1,0,3,1,3,6,4,2,8,0,1,0,3,3,3,0,0,2,0,0,2,0,0,8,2,2,1,1,0,0,0,1,0,1,0,0,2,1,0,1,0,0,0,0,1,0,0,1,0,1,0,0,2,2,0,0,0,0,0,0,0,0,0,0,0,0,0,0,2,1,0,0,0,0,0,1,0,0,4,1,0,0,0,0,0,0,4,0,0,2,0,0,0,0,0,0,0,0,0,0,0,0,0,0,0,0,0,0,0,0,0,0,0,0,0,0,0,0,0,0,0,0,0,0,0,0,0,0,0,0,0,0,0,0,0,0,0,0,0,0,0,0,0,0,0,0,0,0,0,0,0,1,0,0,0,0,0,0,0,0
2020-03-13,2,2,5,2,2,6,8,2,1,2,1,1,0,2,0,10,1,1,0,0,1,0,0,2,1,0,14,3,2,0,0,1,2,0,2,0,2,0,0,2,1,1,0,0,3,1,0,4,1,0,1,0,1,0,0,8,0,0,0,2,0,1,0,0,0,0,0,0,1,0,0,0,0,0,1,0,0,0,1,0,0,2,0,0,0,0,0,0,0,2,0,0,0,0,0,0,0,0,0,0,0,0,0,0,0,0,0,0,0,0,0,0,0,0,0,0,0,0,0,0,0,0,0,0,0,0,0,1,0,0,0,0,0,0,0,0,0,0,0,0,0,0,0,0,0,0,0,0,0,0,0,0,0,0,0,0,0,1,0,0,0,0,0
2020-03-14,4,4,3,0,0,7,4,1,7,1,1,2,0,2,0,7,2,2,0,1,2,0,0,2,0,0,8,2,3,0,0,0,2,1,2,0,0,0,0,0,0,0,0,0,2,1,0,1,0,1,0,1,1,0,0,7,1,0,0,0,0,0,0,0,1,2,1,0,0,0,0,1,0,0,0,0,0,0,0,0,0,2,0,0,0,0,0,0,0,0,0,0,0,0,0,0,0,0,0,0,0,0,0,0,0,0,0,0,0,0,0,0,1,0,0,0,1,0,0,0,0,0,0,0,0,0,0,0,0,0,0,0,0,0,0,0,0,0,0,0,0,0,0,0,0,0,0,0,0,0,0,0,1,0,0,0,0,0,0,0,0,0,0
2020-03-15,6,0,4,1,0,0,7,0,3,0,1,4,1,1,0,4,4,2,0,0,3,0,1,2,0,1,11,1,0,0,0,0,2,0,1,0,0,0,0,1,0,0,0,0,1,2,0,0,0,0,0,1,0,0,0,1,0,0,0,2,0,0,0,0,1,0,2,0,0,0,0,1,1,1,0,0,0,0,2,0,0,1,0,0,0,0,0,0,0,1,0,0,0,0,0,0,1,0,0,0,0,0,0,0,0,0,0,0,1,0,0,0,0,0,0,0,1,0,0,1,0,0,0,0,0,0,0,1,0,0,0,0,0,0,1,0,0,0,0,0,0,0,0,0,0,0,0,0,0,0,0,0,0,0,0,0,0,0,0,0,0,0,0
2020-03-16,4,0,6,2,0,3,8,2,2,0,2,2,0,0,0,6,3,1,0,0,1,0,1,3,1,0,10,0,0,3,0,0,1,1,2,0,0,0,0,0,1,0,0,0,0,3,0,0,1,0,0,1,1,0,0,3,0,0,0,1,0,0,0,1,0,1,0,0,1,0,1,3,0,0,0,0,0,0,1,0,0,0,0,0,1,0,0,0,0,1,0,0,0,0,0,0,0,0,0,0,1,0,0,0,0,0,0,0,1,0,0,0,0,0,0,0,0,0,0,0,0,0,0,1,0,0,0,0,0,0,0,0,0,0,0,0,0,0,0,0,0,0,0,0,0,0,0,0,0,0,1,0,0,0,0,0,0,0,0,0,0,0,0
2020-03-17,4,2,5,1,1,5,7,0,7,1,2,2,0,3,0,6,4,1,0,1,3,0,0,1,0,1,15,1,1,0,0,0,1,0,3,0,0,0,3,1,0,0,0,0,3,1,0,2,0,1,1,2,0,0,0,5,1,0,0,0,0,0,0,2,1,1,0,0,1,0,0,1,0,0,0,0,0,0,1,1,1,0,0,0,0,0,0,0,0,1,0,1,0,0,0,0,0,0,0,0,0,0,0,0,0,0,0,0,1,0,0,0,0,0,0,0,0,0,0,0,0,1,0,0,0,0,0,0,0,0,0,0,0,0,0,0,0,0,0,0,0,0,0,0,0,0,0,0,0,0,0,0,0,0,0,0,0,1,0,0,0,0,0
2020-03-18,4,3,8,0,0,5,6,0,4,2,1,4,0,2,0,8,4,1,0,0,5,0,0,3,0,0,10,1,0,0,0,0,3,0,1,0,1,0,1,2,0,0,0,0,1,0,0,2,1,0,0,2,0,0,0,2,1,2,0,1,0,0,0,0,0,1,0,0,0,1,0,2,3,0,0,0,0,0,1,0,1,1,0,0,0,0,0,0,0,1,0,1,0,0,0,0,0,0,1,0,0,0,0,0,0,0,0,0,2,0,0,0,0,0,0,0,0,0,0,1,0,0,0,0,0,0,0,0,0,0,0,0,0,0,0,0,0,0,0,0,0,0,0,0,0,0,0,0,0,0,0,0,0,0,0,0,0,0,0,0,0,0,0
2020-03-19,2,3,11,1,0,4,5,0,4,0,7,5,0,2,0,5,1,2,0,0,1,1,0,1,0,1,10,2,0,0,1,0,2,3,1,0,0,0,0,2,1,0,0,0,2,0,1,0,1,0,0,2,0,0,0,5,3,0,1,0,0,0,0,1,0,0,0,0,0,0,0,0,1,0,0,0,0,0,1,0,2,2,0,0,0,0,2,0,0,1,0,0,0,0,0,0,0,0,0,0,1,0,0,0,0,1,0,0,2,0,0,0,0,0,0,0,0,0,0,0,0,0,0,0,0,0,0,0,0,0,0,0,0,0,0,0,0,0,0,0,0,0,1,0,0,0,0,0,0,0,0,0,0,0,0,0,0,0,0,0,0,0,0
2020-03-20,7,1,8,1,1,5,5,2,4,3,7,3,0,3,0,5,2,1,0,0,3,1,1,2,1,0,4,2,1,0,0,0,1,0,2,0,1,0,1,3,0,1,0,1,2,0,0,2,0,1,0,1,0,0,0,3,1,0,0,0,0,0,0,1,1,1,0,0,0,0,0,0,1,0,0,0,0,0,1,0,2,0,0,0,0,0,1,0,0,1,0,0,0,0,0,0,0,0,0,0,0,0,0,0,0,0,0,0,1,0,0,0,0,0,0,1,0,0,0,1,0,0,0,0,0,0,0,0,0,0,0,0,0,0,0,0,0,0,0,0,1,0,1,0,0,0,0,0,0,0,0,0,0,0,0,0,0,1,0,0,0,0,0
2020-03-21,8,3,8,2,0,8,5,2,3,3,2,2,0,3,0,5,0,1,0,0,3,1,1,2,1,1,12,0,1,0,3,0,5,0,5,0,0,0,0,2,0,0,0,0,0,0,0,0,0,0,0,0,0,0,0,4,4,0,0,0,0,1,0,1,2,1,0,0,0,0,0,2,0,0,0,0,0,0,1,0,0,0,0,0,0,0,1,0,0,2,0,0,0,1,0,0,0,0,0,0,0,0,0,0,0,0,0,0,0,0,0,0,1,0,0,0,0,0,0,0,0,0,0,0,0,0,0,0,0,0,0,1,0,0,0,0,0,0,0,0,0,0,0,0,0,0,0,0,0,0,0,0,0,1,0,0,0,0,0,0,0,0,0
2020-03-22,5,1,5,0,0,8,7,1,7,3,4,1,0,2,1,7,1,1,0,1,1,0,1,3,1,1,5,1,0,0,0,0,1,1,1,0,1,0,1,0,1,0,0,0,2,2,0,0,0,0,1,1,1,1,0,2,3,1,0,1,0,0,0,1,0,0,0,0,0,0,0,3,0,0,1,0,0,1,0,0,1,2,0,0,0,0,0,0,0,0,1,0,0,0,0,1,0,0,0,0,0,0,0,0,0,1,0,0,1,0,0,0,0,0,0,0,0,1,0,0,0,0,0,0,0,0,0,1,0,0,0,0,0,0,0,0,0,0,0,0,0,0,0,0,0,0,0,0,0,0,0,0,0,0,0,0,0,0,0,1,0,0,0
2020-03-23,2,1,7,0,1,6,3,0,5,4,1,1,0,3,0,5,2,5,0,1,3,1,0,2,1,0,8,4,1,0,2,1,1,0,1,0,1,0,1,1,0,3,0,0,1,0,0,1,0,0,0,1,0,0,0,2,2,0,0,1,0,0,0,0,1,1,0,0,0,0,0,1,0,0,0,0,0,0,0,0,0,1,0,0,0,0,0,0,0,3,0,0,0,0,0,1,0,0,1,0,0,0,0,0,0,0,0,0,0,0,0,0,0,0,0,0,0,0,0,0,0,0,0,0,0,0,0,2,0,0,0,0,0,0,0,0,0,0,0,0,0,0,0,0,0,0,1,0,1,0,0,0,0,0,0,0,0,0,0,0,0,0,0
2020-03-24,9,0,6,3,0,3,6,1,6,3,1,1,0,1,0,8,2,2,0,0,4,0,2,0,0,0,13,0,2,0,0,0,1,0,2,0,0,1,1,2,0,2,0,1,1,1,0,0,0,0,0,1,0,0,0,4,1,0,0,1,0,0,0,0,0,1,0,0,0,0,0,0,0,1,1,0,0,0,0,1,0,4,0,0,1,0,0,0,0,2,0,0,0,0,0,0,0,0,0,0,0,0,0,0,0,0,0,1,1,0,0,0,0,0,0,1,0,0,0,0,0,0,0,0,0,0,0,0,0,0,0,0,0,0,0,0,0,0,0,0,0,0,0,0,0,0,0,0,0,0,0,0,0,0,0,0,0,2,0,0,0,0,1
2020-03-25,6,0,6,2,0,3,5,1,3,2,6,2,0,2,0,10,0,1,0,0,4,0,1,4,0,1,8,0,2,0,0,0,0,0,2,0,1,0,1,1,1,0,0,0,3,3,0,2,0,0,1,1,0,0,0,6,1,0,0,0,0,0,0,0,1,0,0,0,0,0,0,0,0,0,0,0,0,0,1,0,0,0,0,0,0,0,0,0,0,1,0,3,0,0,0,0,0,0,0,0,0,0,0,0,0,0,0,0,2,0,0,0,0,0,0,0,0,0,0,0,0,0,1,0,0,0,0,0,0,0,0,0,0,0,0,0,0,0,0,0,0,0,0,0,1,1,0,0,0,0,0,0,0,0,0,0,0,0,0,0,0,0,0
2020-03-26,7,0,9,1,0,2,8,0,4,1,3,5,0,2,0,9,1,5,0,0,2,0,1,0,0,0,14,2,0,1,0,0,3,0,1,0,2,0,0,0,1,0,0,0,0,1,0,2,0,0,1,0,0,0,1,6,2,0,1,0,0,0,0,0,0,0,0,0,0,0,0,0,0,1,0,0,0,0,0,0,0,2,0,0,0,0,0,0,0,1,0,1,0,0,0,0,0,0,0,0,0,0,0,0,0,0,0,0,0,0,0,0,0,0,0,0,1,0,0,0,0,0,0,0,0,0,0,0,0,0,0,0,0,0,0,0,0,0,0,0,0,0,0,0,0,0,0,0,0,0,0,0,0,0,0,0,0,0,0,0,0,0,0
2020-03-27,2,2,6,3,0,2,9,3,4,2,3,2,0,5,1,7,0,1,0,0,2,0,3,2,0,0,9,2,0,1,4,0,0,0,1,0,4,0,0,2,0,0,0,1,0,1,0,2,0,0,1,0,2,0,0,7,1,0,0,0,0,0,0,0,0,0,1,0,0,0,0,1,0,0,0,0,0,0,2,0,0,1,1,0,0,0,1,0,0,2,0,0,0,0,0,0,0,0,0,0,0,0,0,0,0,1,0,0,0,0,0,0,0,0,0,0,0,0,0,0,0,0,0,0,0,0,0,0,0,0,0,0,0,0,0,0,0,0,0,0,0,0,0,0,0,0,0,0,0,0,0,0,0,0,0,0,0,0,0,0,0,0,0
2020-03-28,4,2,3,0,0,4,6,2,4,2,3,3,0,0,0,5,0,4,0,0,1,0,2,2,0,0,12,3,1,0,2,0,1,0,1,1,0,0,0,1,0,0,0,0,2,1,0,1,0,0,1,1,0,0,0,5,0,0,0,0,0,0,0,1,0,1,1,0,0,0,0,0,0,0,0,0,0,0,0,0,0,4,0,0,0,0,0,0,0,1,0,1,0,0,0,0,0,0,0,0,0,0,0,0,0,0,0,0,0,0,0,0,0,0,0,0,0,0,0,0,0,0,0,0,0,0,0,0,0,0,0,0,0,0,0,0,0,0,0,0,0,0,0,0,1,0,0,0,0,1,0,0,0,0,0,0,0,0,0,0,0,0,0
2020-03-29,8,3,4,2,0,4,2,0,3,0,1,2,0,1,0,7,1,1,0,2,5,0,1,1,0,1,14,3,1,0,1,0,0,3,0,1,1,0,0,2,0,1,0,0,3,2,0,2,1,0,0,0,0,0,0,4,2,0,0,0,0,0,1,2,0,0,1,0,0,0,0,1,1,0,0,0,0,1,0,0,0,2,0,0,0,0,0,0,0,0,0,0,0,0,0,0,0,0,0,0,0,0,0,0,0,0,0,0,0,1,0,0,0,1,0,0,0,0,0,1,0,0,0,0,0,0,0,1,0,0,0,0,0,0,0,0,0,0,0,0,0,0,0,0,0,1,0,0,0,0,0,0,0,0,0,0,0,0,0,0,0,0,0
2020-03-30,9,1,5,0,0,2,8,4,6,0,4,3,0,1,0,9,1,1,0,0,2,1,2,1,3,0,15,1,3,0,0,0,5,0,1,0,1,0,0,1,0,0,0,0,1,1,0,2,0,0,0,0,0,0,0,7,1,2,0,0,0,0,0,0,1,0,0,0,0,1,0,2,0,0,0,0,0,0,0,0,0,0,0,0,0,0,0,0,0,1,0,2,0,0,0,1,0,0,0,0,0,0,0,0,0,0,0,0,2,0,0,0,0,0,0,0,0,0,0,0,0,0,0,0,0,0,0,1,0,0,0,0,0,0,0,0,0,0,0,0,0,0,0,0,1,0,0,0,0,0,0,0,0,0,0,0,0,1,0,0,0,0,0
2020-03-31,6,3,5,0,0,5,6,2,0,2,2,2,0,0,0,5,2,3,0,2,3,1,1,1,0,0,9,1,2,0,1,0,1,0,1,0,0,0,1,1,0,0,0,0,0,0,0,2,1,0,1,0,1,0,0,3,0,1,0,1,0,0,0,1,0,1,0,0,1,0,0,0,0,0,0,0,0,0,1,0,0,0,0,0,0,0,0,0,0,2,0,0,0,1,0,0,0,0,0,0,0,0,0,0,0,0,0,0,0,0,0,2,0,0,0,0,0,0,0,1,0,0,0,0,0,0,0,0,0,0,0,0,0,0,0,0,0,0,0,0,0,0,1,0,1,0,0,0,1,0,0,0,0,0,0,0,0,0,0,0,0,0,0
2020-04-01,6,2,11,1,0,5,4,1,5,1,2,2,0,1,0,9,2,5,0,1,2,1,3,1,0,0,16,0,2,0,0,0,2,0,3,0,0,1,1,2,0,1,0,0,0,2,0,3,0,0,2,0,0,0,0,5,1,1,0,1,0,0,0,0,1,0,0,0,0,0,0,2,0,0,1,0,0,0,0,1,0,2,0,0,0,0,0,0,0,0,0,1,0,0,0,0,0,0,0,0,0,0,0,0,0,2,0,0,0,0,0,0,0,0,0,0,0,0,0,0,0,0,0,0,0,0,0,1,0,0,0,0,0,0,0,0,0,0,0,0,0,0,1,0,0,0,0,0,0,0,0,0,0,0,0,0,0,0,0,0,0,0,0
2020-04-02,6,0,8,0,1,7,4,2,5,1,4,1,0,1,0,5,1,4,0,0,1,2,4,4,0,1,9,1,1,0,0,0,2,0,2,0,0,0,2,0,0,0,0,0,1,0,0,4,0,0,0,0,1,0,0,2,1,2,1,0,0,0,0,2,1,0,0,0,1,0,0,2,0,0,1,0,0,0,0,0,0,1,0,0,0,0,0,0,0,0,0,1,1,0,0,0,0,0,0,0,0,0,0,0,0,0,0,0,0,0,0,0,0,0,0,0,0,0,0,0,0,0,0,0,0,0,0,2,0,0,0,1,0,0,0,0,0,0,0,0,0,0,0,0,0,0,0,0,0,0,0,0,0,0,0,0,0,0,0,0,0,0,0
2020-04-03,6,3,7,0,0,5,9,4,2,3,3,5,0,2,0,4,4,1,0,0,3,3,2,1,0,0,10,3,2,1,1,0,1,0,2,0,1,0,2,0,0,1,1,0,0,1,0,1,0,0,0,1,0,0,0,4,3,1,1,0,0,0,0,0,0,0,1,0,0,1,0,0,0,0,2,0,0,0,2,0,0,2,0,0,0,0,1,0,0,1,0,0,0,0,0,0,0,0,0,0,0,0,0,0,0,0,0,0,0,0,0,0,1,0,0,0,0,0,0,0,0,0,0,0,0,0,0,0,0,0,0,0,0,0,0,0,1,0,0,0,0,0,0,0,0,1,0,0,1,0,0,0,0,0,0,0,0,1,0,0,0,0,0
2020-04-04,9,0,5,1,0,2,11,4,8,1,4,1,0,0,0,6,2,4,0,1,2,1,4,1,0,0,6,2,2,0,2,0,2,1,3,0,0,0,2,1,1,1,0,1,0,0,0,1,1,0,1,1,0,0,0,1,0,0,1,1,0,0,0,2,0,1,0,0,0,0,0,0,0,0,0,0,0,1,0,0,0,2,0,0,0,0,0,0,0,2,0,0,1,0,1,0,0,0,0,0,0,0,0,0,0,1,0,0,1,0,0,0,0,0,0,0,0,0,0,0,0,0,0,0,0,0,0,1,0,0,0,0,0,0,0,0,0,0,0,0,0,0,0,0,0,0,0,0,0,0,0,0,0,0,0,0,0,0,0,0,0,0,0
2020-04-05,4,2,8,1,0,7,9,2,3,0,2,1,0,1,0,13,1,1,0,0,5,0,3,1,0,1,9,4,2,1,0,0,0,0,0,0,0,0,0,0,1,3,0,0,1,2,0,3,0,0,0,1,0,0,0,5,2,0,0,1,0,0,0,0,0,0,0,0,0,0,0,0,0,0,0,0,0,0,0,0,0,2,0,0,0,0,0,0,0,0,0,0,0,0,0,0,0,0,0,0,0,0,1,0,0,0,0,0,1,0,0,0,0,0,0,0,1,0,0,0,0,0,0,0,0,0,0,0,0,0,0,0,0,0,0,0,0,0,0,0,0,0,0,0,0,0,0,0,0,1,0,0,0,0,0,0,0,0,0,0,0,0,0
2020-04-06,7,3,8,0,0,4,8,2,3,1,3,2,0,1,0,3,1,0,0,0,3,3,1,2,0,0,18,2,0,0,1,0,1,0,3,0,1,0,0,0,0,0,0,0,2,1,0,0,1,0,1,1,0,0,0,5,0,0,1,0,0,0,0,0,1,0,0,0,0,0,0,3,0,1,0,0,0,0,0,0,0,0,0,0,0,0,0,0,1,1,0,0,0,0,0,1,0,0,0,0,0,0,0,0,0,1,1,0,0,0,1,0,2,0,0,0,0,0,0,0,0,0,0,0,0,0,0,2,0,0,0,0,0,0,0,0,0,1,0,0,0,0,0,0,1,0,0,0,0,0,0,0,0,0,0,0,0,0,0,0,0,0,0
2020-04-07,10,1,5,0,2,1,0,1,3,3,1,2,0,2,0,8,3,2,0,0,1,1,5,2,0,1,20,5,2,0,0,0,0,0,1,0,2,0,2,1,0,1,1,0,3,1,0,2,0,0,1,0,1,0,0,6,2,0,1,0,0,0,0,2,0,0,1,0,0,0,1,2,0,0,0,0,0,0,1,0,1,1,1,0,0,0,0,0,0,2,0,0,0,0,0,0,0,0,0,0,0,0,0,0,0,1,0,0,1,0,0,0,0,0,0,0,0,0,0,0,0,0,0,0,0,0,0,0,0,0,0,0,0,0,0,0,0,0,0,0,0,0,0,0,0,0,0,0,0,0,0,0,0,0,0,0,0,0,0,0,0,0,0
2020-04-08,7,2,8,0,0,4,3,0,3,0,3,1,0,3,0,6,1,2,0,1,1,10,1,0,2,3,10,1,2,1,0,0,4,0,3,0,1,0,1,0,0,0,0,0,1,2,1,2,1,1,1,3,0,0,0,6,2,0,2,0,0,0,0,1,0,1,0,0,0,0,0,0,0,0,1,1,0,1,1,0,0,1,0,0,0,0,0,0,0,1,0,0,1,0,0,0,0,0,0,0,1,0,0,0,0,0,0,0,0,0,0,0,0,0,0,0,0,0,0,0,0,0,0,0,0,0,0,0,0,0,0,0,0,0,0,0,0,0,0,0,0,0,1,0,0,0,0,0,0,0,0,0,0,0,0,0,0,0,0,0,0,0,0
2020-04-09,3,1,10,1,0,3,8,0,7,2,1,1,0,3,0,7,1,2,0,1,3,6,2,2,1,1,9,2,1,1,1,0,1,0,2,0,1,0,1,2,0,0,0,0,1,0,0,1,0,0,0,0,1,0,0,4,1,0,0,0,0,0,0,0,0,0,0,0,0,0,0,1,0,0,0,0,0,1,0,0,0,0,0,0,0,0,0,0,0,0,0,1,0,0,0,0,0,0,0,0,0,0,0,0,0,0,0,0,1,0,0,0,0,0,0,0,0,0,0,0,0,0,0,0,0,0,0,0,0,0,0,2,0,0,0,0,0,0,0,0,0,0,0,0,0,0,0,0,0,0,0,0,0,0,0,0,0,0,0,0,0,0,0
2020-04-10,10,1,8,3,0,5,6,1,3,3,5,2,0,1,0,8,0,2,0,1,2,5,2,3,0,1,4,0,1,0,0,0,1,0,3,0,0,0,1,0,1,1,0,0,0,1,0,1,1,0,0,0,0,0,0,3,3,0,2,0,0,0,0,2,2,1,0,0,1,0,0,0,0,0,0,0,0,0,0,0,0,2,0,0,0,0,1,0,0,2,0,0,1,0,0,0,0,0,0,0,0,0,0,0,0,3,1,0,0,0,0,1,0,0,0,0,0,0,0,0,0,0,0,0,0,0,0,1,0,0,0,0,0,0,0,0,0,0,0,0,0,0,0,0,0,0,0,0,0,0,0,0,0,0,0,0,0,0,0,0,0,0,0
2020-04-11,7,5,7,2,0,3,5,2,3,4,2,2,0,1,1,6,1,3,0,0,2,4,1,1,0,1,6,3,2,0,1,0,2,0,4,0,3,1,1,0,0,0,1,0,1,1,0,2,0,0,0,0,0,0,0,2,0,0,0,0,0,0,0,0,0,0,1,0,0,0,0,0,0,0,0,1,0,0,0,0,0,3,0,0,0,0,0,0,0,0,0,0,0,0,0,0,0,0,0,0,0,1,0,0,0,0,0,0,0,0,0,0,0,0,0,0,0,0,0,0,0,0,0,0,0,0,0,0,0,0,0,0,0,0,0,0,0,0,0,0,0,0,0,0,0,0,1,0,0,0,0,0,0,0,0,0,0,0,0,0,0,0,0
2020-04-12,5,1,4,1,0,6,6,3,10,1,4,1,0,1,0,10,0,1,0,0,3,2,1,0,1,1,10,0,0,0,0,0,1,0,0,0,0,0,0,2,1,0,1,1,2,2,0,2,1,0,0,1,0,0,0,6,0,2,0,0,0,0,0,3,0,1,0,0,0,1,0,0,0,0,1,0,0,0,1,0,0,1,0,0,0,0,0,0,0,1,0,0,0,0,0,0,0,0,0,0,0,0,0,0,0,0,0,0,2,0,0,0,0,0,0,0,0,0,0,0,0,0,0,0,0,0,0,0,0,0,1,0,0,0,0,0,0,0,0,0,0,0,0,0,0,0,0,0,0,0,0,0,0,0,0,0,0,0,0,0,0,0,0
2020-04-13,13,3,4,2,1,6,1,1,4,1,3,1,0,2,0,7,0,1,0,0,2,6,0,0,1,2,8,0,1,1,1,0,2,0,2,0,2,0,2,0,0,0,0,1,0,1,0,1,0,0,0,0,0,0,0,4,0,0,0,0,0,0,0,3,1,1,0,0,0,0,0,0,0,0,0,0,0,0,0,0,0,3,0,0,1,0,0,0,0,0,0,0,0,0,0,1,0,0,0,0,0,0,0,0,0,0,0,0,1,0,0,0,0,0,0,0,0,1,0,0,0,0,0,0,0,0,0,0,0,0,0,0,0,0,0,0,0,0,0,0,0,0,0,0,0,0,0,0,0,0,0,0,0,0,0,0,0,1,0,0,0,0,0
2020-04-14,6,3,7,1,0,1,3,6,2,1,2,2,0,0,0,7,1,2,0,0,2,1,4,1,1,0,13,2,0,0,1,0,3,0,0,0,0,0,0,2,1,1,0,0,2,1,0,2,0,0,1,0,1,0,0,3,0,0,0,0,0,0,0,1,1,0,0,0,0,0,0,0,0,0,0,0,0,2,0,1,1,1,0,0,0,0,0,0,0,3,0,0,1,0,1,0,0,0,0,0,0,0,0,0,0,0,0,0,0,0,0,0,1,0,0,0,0,0,0,0,0,0,0,1,0,0,0,1,0,0,0,0,0,0,0,0,0,0,0,0,0,0,1,0,0,0,1,0,0,0,0,0,0,0,0,0,0,0,0,0,0,0,0
2020-04-15,2,2,9,2,0,5,4,2,6,1,3,0,2,2,0,11,1,0,0,0,1,6,4,4,0,2,13,2,0,0,0,0,1,0,4,0,0,0,1,1,0,1,0,0,0,2,0,1,0,0,0,0,0,0,0,5,1,0,1,0,0,0,0,3,0,0,0,0,0,0,0,0,0,0,0,0,0,0,0,0,1,0,0,0,0,0,0,0,0,0,0,0,0,0,0,0,0,0,0,0,0,1,0,0,0,0,0,0,0,0,0,0,0,0,0,0,0,0,0,0,0,0,0,0,0,0,0,0,0,0,0,0,0,0,0,0,0,0,0,0,0,0,0,0,0,3,0,0,1,0,0,0,1,0,0,0,0,0,0,0,0,0,0
2020-04-16,5,1,1,2,0,5,7,1,5,3,5,4,0,2,0,5,0,2,0,1,0,1,1,1,0,0,9,1,2,0,0,1,2,1,1,0,2,1,3,0,0,0,0,1,3,1,0,2,0,0,0,0,0,1,0,4,1,0,1,0,0,0,0,1,0,0,0,0,1,0,0,0,0,0,0,0,0,0,0,0,1,1,0,0,0,0,0,0,0,4,1,0,0,0,0,0,0,0,0,0,0,0,0,0,0,0,1,0,0,0,0,0,0,0,0,1,0,0,0,0,0,0,0,0,0,0,0,0,0,0,0,0,0,0,0,0,0,0,0,0,0,0,0,0,0,0,0,1,0,0,0,0,0,0,0,0,0,0,0,0,0,0,0
2020-04-17,5,1,7,1,0,4,5,2,6,1,3,6,0,1,0,9,1,1,0,0,3,5,2,2,0,0,8,2,2,1,1,1,3,0,3,0,0,1,1,2,1,1,0,0,2,0,0,2,2,0,0,0,1,0,1,1,1,0,0,0,0,0,0,1,1,0,0,0,0,0,0,0,0,0,0,0,0,0,1,0,0,1,0,0,0,0,0,0,0,0,0,0,0,0,0,0,0,0,0,1,0,0,0,0,0,0,0,0,1,0,0,0,0,0,0,0,0,0,0,0,0,0,0,0,0,0,0,0,0,0,0,0,0,0,0,0,0,0,0,0,0,0,0,0,0,0,0,0,0,0,0,0,0,0,0,0,0,0,0,0,0,0,0
2020-04-18,5,3,10,0,0,3,5,4,3,2,2,3,0,1,1,9,0,0,0,0,5,6,2,3,0,1,12,1,1,0,0,0,4,0,1,0,2,0,0,1,1,0,0,0,1,0,0,1,0,1,0,0,1,0,0,6,4,0,0,0,0,0,1,1,0,0,0,0,1,0,0,2,0,0,0,0,0,1,0,0,0,1,0,0,0,0,0,0,0,1,0,0,0,0,0,1,0,0,0,0,0,0,0,0,0,0,0,0,0,0,0,0,0,0,0,0,0,0,0,0,0,0,0,0,0,0,0,1,0,0,0,0,0,0,0,0,0,0,0,0,0,0,0,0,0,0,0,0,0,0,0,0,1,0,0,0,0,0,0,0,0,0,0
2020-04-19,3,2,9,0,0,6,11,0,2,1,0,4,1,2,0,9,2,0,0,0,2,7,4,2,1,0,12,2,0,1,0,0,1,0,1,1,0,0,1,1,2,0,0,0,2,1,0,2,1,0,1,0,0,0,0,2,1,0,0,1,0,0,0,1,0,1,0,0,0,0,0,2,3,0,0,0,0,0,0,0,0,3,0,0,0,0,0,0,0,3,0,0,0,0,0,0,0,0,0,0,1,0,0,0,0,1,0,0,0,0,0,0,0,0,0,0,0,0,0,0,0,0,0,0,0,0,0,0,0,0,0,0,0,0,0,0,0,0,0,0,0,0,0,0,0,0,0,0,0,0,0,0,0,0,0,0,0,0,0,0,0,0,0
2020-04-20,4,4,4,0,0,3,9,1,9,1,3,3,0,1,0,11,4,1,0,0,0,5,3,1,0,0,10,1,1,0,0,0,1,0,2,0,1,0,3,2,0,1,0,0,2,2,0,1,1,0,0,0,0,0,0,4,1,0,1,0,0,0,0,0,1,0,0,0,0,1,0,1,0,0,1,0,1,0,0,0,0,2,0,0,0,0,0,0,0,1,0,1,0,0,0,0,0,0,0,0,0,0,0,0,0,0,0,0,0,0,0,0,0,0,0,0,0,0,0,0,0,0,0,0,0,0,0,1,0,0,0,0,0,0,0,0,0,0,0,0,0,0,0,0,0,0,0,0,0,0,0,0,0,0,0,0,0,0,0,0,0,0,0
2020-04-21,8,6,12,0,0,7,3,2,7,4,2,1,0,1,0,10,1,6,0,1,3,9,1,1,0,0,10,2,2,1,1,1,0,0,2,0,0,0,2,0,2,0,0,0,2,2,0,0,0,0,0,0,0,0,0,8,0,0,0,1,0,0,0,2,0,0,0,0,0,0,0,0,1,0,0,0,0,0,0,0,0,1,0,0,0,0,0,0,0,0,0,0,1,0,0,0,0,0,0,0,0,0,0,0,0,0,0,0,0,1,0,0,0,0,0,0,0,0,0,0,0,0,0,0,0,0,0,0,0,0,0,0,0,0,0,0,0,0,0,0,0,0,0,0,0,0,0,1,0,0,0,0,1,1,0,0,0,0,0,0,0,0,0
2020-04-22,3,1,5,0,0,3,7,2,5,4,1,2,1,2,0,7,1,1,0,0,1,3,5,3,0,0,13,1,0,1,1,0,2,1,1,0,0,0,1,0,0,0,0,0,1,0,0,1,1,0,0,0,0,0,0,6,3,0,0,0,0,0,0,1,0,1,1,0,0,0,0,0,0,0,0,0,0,0,0,0,0,2,0,0,0,0,0,0,0,3,0,0,0,0,0,0,0,0,0,0,0,0,0,0,0,0,0,0,0,0,0,0,1,0,0,0,0,0,0,0,0,0,0,0,0,0,0,0,0,0,0,0,0,0,0,0,0,0,0,0,0,0,0,0,0,0,0,0,0,0,0,0,0,0,0,0,0,0,0,0,0,0,0
2020-04-23,5,5,6,1,0,5,6,3,0,4,1,3,0,2,0,10,1,2,0,1,0,3,4,2,1,1,15,0,1,0,2,0,1,0,2,0,1,0,0,2,0,1,0,0,0,1,0,1,2,0,0,0,0,0,0,5,4,0,0,0,0,0,0,0,0,0,0,0,0,0,0,1,0,0,0,0,0,0,1,0,0,0,0,0,0,0,0,0,0,1,0,0,0,0,0,0,0,0,0,0,0,0,0,0,0,0,2,0,0,0,0,0,0,0,0,0,1,0,0,0,0,0,0,0,0,0,0,1,0,0,0,0,0,0,0,0,0,0,0,0,0,0,0,0,0,0,0,0,0,0,0,0,0,0,0,0,0,0,0,0,0,0,0
2020-04-24,5,0,7,1,0,7,3,2,5,3,3,3,0,0,0,7,3,3,0,2,6,6,2,2,0,1,17,3,1,1,0,0,1,0,1,0,2,0,1,1,0,0,0,1,1,1,0,0,1,0,1,0,0,0,1,1,0,1,0,0,0,0,0,1,0,0,1,0,0,0,0,0,1,0,0,0,1,0,0,0,0,4,0,0,0,0,0,0,0,2,0,0,0,0,0,0,0,0,0,0,0,0,0,0,0,0,0,0,1,0,0,0,1,0,0,0,0,0,0,0,0,0,0,0,0,0,0,0,0,0,0,1,0,0,0,0,0,0,0,0,0,0,0,0,0,2,0,0,0,0,1,0,0,0,0,0,0,0,0,0,0,0,0
2020-04-25,6,1,8,1,0,6,6,1,3,2,4,2,1,0,1,8,0,1,0,0,1,3,5,1,3,0,6,4,0,0,0,0,0,0,2,0,0,0,0,2,0,1,0,0,3,0,0,2,0,0,0,3,0,0,0,6,0,0,0,0,0,0,0,1,0,2,0,0,0,0,0,2,0,0,0,0,0,0,1,0,0,2,0,0,0,0,0,0,0,1,0,0,0,0,0,1,0,0,0,0,0,0,0,0,0,1,0,0,1,0,0,0,0,0,0,0,0,0,0,0,0,1,0,0,0,0,0,0,0,0,0,0,0,0,0,0,1,0,0,0,0,0,0,0,0,0,0,0,0,0,0,0,0,0,0,0,0,0,0,0,0,0,0
2020-04-26,3,4,5,0,2,4,7,2,4,0,1,2,0,4,0,2,4,0,0,0,4,7,1,3,2,0,15,3,3,0,0,0,4,0,1,0,0,0,0,2,1,0,0,0,0,0,0,1,0,0,0,0,0,0,0,3,4,0,0,0,0,0,0,0,0,0,0,0,0,0,1,0,1,1,0,1,0,0,0,0,1,1,0,0,0,0,0,0,0,2,0,0,0,1,0,0,0,0,0,0,0,0,0,0,0,0,1,0,0,0,0,0,0,0,0,0,0,0,0,0,0,0,0,0,0,0,0,0,0,0,0,2,0,0,0,0,0,0,0,0,0,0,0,0,0,0,0,0,0,0,0,0,0,0,0,0,0,0,0,0,0,0,0
2020-04-27,6,2,11,1,1,6,6,2,4,1,7,2,0,1,0,11,1,1,0,0,1,9,6,4,0,1,13,3,0,0,0,0,5,0,2,1,0,0,0,2,1,1,0,0,3,3,0,2,0,0,2,1,0,0,0,4,1,0,0,0,0,0,0,0,0,0,0,0,0,0,0,1,0,0,0,0,0,0,0,0,1,2,0,0,0,0,0,0,0,0,0,1,0,0,0,0,0,0,0,1,0,0,0,0,0,0,0,0,0,0,0,1,0,0,0,0,0,0,0,0,0,0,0,0,0,0,0,0,0,0,0,0,0,0,0,0,0,0,0,0,0,0,0,0,0,0,0,0,0,0,0,0,0,0,0,0,0,0,0,0,0,0,0
2020-04-28,5,0,4,0,1,1,3,1,4,0,3,1,0,0,0,7,1,4,0,1,7,4,6,2,1,1,12,0,0,0,0,0,0,0,3,0,1,0,2,2,1,1,1,0,3,1,0,1,1,0,0,0,0,0,0,2,1,0,0,0,0,0,0,0,1,0,1,0,0,0,1,1,0,0,0,0,0,0,0,0,0,1,0,0,0,0,0,0,1,1,1,0,0,0,0,0,0,0,0,0,0,0,0,0,0,0,0,0,1,0,0,1,0,0,0,0,0,0,0,0,0,0,0,0,0,0,0,0,0,0,0,0,0,0,0,0,0,0,0,0,0,0,0,0,0,1,0,0,0,0,0,0,0,0,0,0,0,0,0,0,0,0,0
2020-04-29,6,1,5,1,0,3,3,1,2,0,3,3,0,0,0,7,1,1,0,0,0,6,1,0,0,0,7,1,1,1,0,0,2,0,2,0,1,0,1,1,2,1,0,0,2,3,0,1,0,0,1,0,0,0,1,5,0,1,0,0,0,0,0,1,0,0,0,0,1,0,0,1,0,0,0,0,0,0,0,0,2,1,0,0,0,0,0,0,0,0,0,1,0,0,0,0,0,0,0,0,0,0,0,0,0,1,0,0,1,0,0,0,0,0,0,0,0,0,0,0,0,0,0,0,0,0,0,0,0,0,0,0,0,0,0,0,0,0,0,0,0,0,0,0,0,0,0,0,0,0,0,0,0,0,0,0,0,0,0,0,0,0,0
2020-04-30,6,2,6,0,1,6,6,1,6,2,1,3,0,1,0,9,1,1,0,0,5,7,3,0,0,2,12,2,1,1,2,0,3,0,0,0,0,0,0,0,0,1,0,0,1,3,0,0,1,0,2,0,3,0,0,2,2,0,0,0,0,0,0,0,1,0,0,0,0,0,0,0,1,0,0,0,0,0,0,0,0,2,0,0,0,0,0,0,0,1,0,0,0,0,0,0,0,0,0,0,0,0,0,0,0,0,0,0,0,0,0,0,0,0,0,0,0,1,0,0,0,0,0,0,0,0,0,1,0,0,0,0,0,0,0,0,0,0,0,0,0,0,0,0,0,0,1,0,0,0,0,0,0,0,0,0,0,0,0,0,0,0,0
2020-05-01,5,2,3,0,1,3,3,2,8,1,0,2,0,0,0,9,3,1,0,0,4,8,4,1,0,2,13,3,0,0,1,0,3,0,2,0,0,0,0,1,2,1,0,0,3,2,0,0,0,1,0,1,0,0,0,4,1,0,0,1,0,0,0,1,1,0,1,0,1,0,1,1,0,0,0,0,0,0,1,0,1,1,0,0,0,0,0,0,0,0,0,0,0,0,0,0,0,0,0,0,0,0,0,0,0,0,0,0,0,0,0,0,0,0,0,0,0,0,0,0,0,0,0,0,0,0,0,1,0,0,0,0,0,0,0,0,0,0,0,0,0,0,0,0,0,1,0,0,0,0,0,0,0,0,1,0,0,0,0,0,0,0,0
2020-05-02,14,0,6,1,0,4,3,0,5,1,0,0,0,2,0,10,2,0,0,0,3,9,6,0,0,0,9,1,1,0,2,1,1,1,4,0,0,0,1,1,0,0,0,0,0,3,0,0,1,0,1,0,0,0,0,5,0,0,0,0,0,0,0,0,0,0,0,0,0,0,0,0,2,0,0,0,0,0,0,1,1,2,0,0,0,0,0,0,0,1,0,0,0,0,0,0,0,0,0,0,0,0,0,0,0,0,0,0,0,0,0,0,1,0,0,0,0,0,0,0,0,0,0,1,0,0,0,1,0,0,0,1,0,0,0,0,0,0,0,0,0,0,0,0,0,0,0,0,0,0,0,0,0,0,0,0,0,0,0,0,0,0,0
2020-05-03,9,1,8,1,0,5,2,0,4,1,2,2,0,1,0,5,1,2,0,0,3,13,5,4,1,0,9,2,0,0,1,0,2,1,1,0,1,1,0,2,0,0,0,0,2,1,0,1,0,0,0,1,0,0,1,4,1,1,1,0,0,0,0,0,1,0,0,0,0,0,0,1,0,2,0,0,0,0,1,0,0,0,0,0,0,0,0,0,0,2,0,0,0,0,0,1,0,0,0,0,0,0,0,0,0,0,0,0,0,0,0,0,0,0,0,0,0,0,0,0,0,0,0,1,0,1,1,0,0,0,0,0,0,0,0,0,0,0,0,0,0,0,0,0,0,0,0,0,0,0,0,0,0,0,0,0,0,0,0,0,0,0,0
2020-05-04,13,1,7,2,0,7,6,1,6,0,4,3,1,0,0,8,2,0,0,1,4,11,3,5,0,1,10,1,1,0,2,1,3,1,2,0,1,0,1,1,1,0,0,1,1,2,0,0,0,0,1,0,0,0,0,5,2,0,0,0,0,0,0,1,0,0,0,0,0,0,0,4,0,0,0,0,0,0,0,0,0,1,0,0,0,0,0,0,0,2,0,0,0,0,0,0,0,0,0,0,0,0,0,0,0,0,1,0,0,0,0,0,0,0,0,0,0,0,0,0,0,0,0,0,0,0,0,1,0,0,0,1,0,0,0,0,0,0,0,0,0,0,0,0,0,0,0,0,0,0,0,0,1,0,0,0,0,0,0,0,0,0,0
2020-05-05,6,1,11,1,1,8,5,0,6,0,3,2,0,0,0,9,4,4,0,2,2,12,1,4,1,3,11,5,3,1,0,0,3,0,4,0,1,0,1,2,1,0,0,0,1,0,0,3,1,0,0,0,0,0,0,3,1,0,0,0,0,0,0,1,0,0,0,0,2,0,0,0,0,0,0,0,0,0,1,0,0,2,0,0,0,0,0,0,0,1,0,0,0,0,0,0,0,0,0,0,0,0,0,0,0,0,0,0,0,0,0,0,0,0,0,1,0,0,0,0,0,0,0,0,1,0,0,0,0,0,0,0,0,0,0,0,0,0,0,0,0,0,0,0,0,0,0,0,0,0,0,0,0,0,0,0,0,0,0,0,0,0,0
2020-05-06,8,5,7,0,0,9,9,3,4,2,2,0,1,1,0,8,2,2,0,1,2,17,4,2,0,0,9,0,0,2,0,1,1,0,3,0,0,0,0,0,0,1,0,0,1,1,0,1,0,0,0,1,1,0,0,4,1,0,0,1,0,0,0,1,0,0,0,0,1,0,0,1,1,0,0,0,0,1,0,0,0,2,0,0,0,0,1,1,0,1,0,1,0,0,0,0,0,0,0,0,1,0,0,0,0,0,0,0,0,0,0,0,0,0,0,0,0,2,0,0,0,0,0,0,0,0,0,1,0,0,0,0,0,0,0,0,0,0,0,0,0,0,0,0,0,0,0,0,0,0,0,0,0,0,0,0,0,0,0,0,0,1,0
2020-05-07,7,2,9,2,0,6,5,1,5,2,2,2,0,1,0,9,1,6,0,1,2,24,4,3,0,0,15,6,2,2,1,0,2,0,3,0,0,0,1,2,0,0,0,0,1,0,0,0,0,0,0,0,0,0,0,6,2,0,1,0,0,0,0,2,1,0,1,0,0,0,0,1,0,0,0,0,0,0,0,0,0,2,0,0,0,0,0,0,0,6,0,2,0,0,0,1,0,0,0,0,0,0,0,0,0,0,0,0,1,0,0,0,0,0,0,0,0,0,0,0,0,0,0,0,0,0,0,0,0,0,0,0,0,0,0,0,0,0,0,0,0,0,0,0,0,0,0,0,0,0,0,0,0,0,0,0,0,0,0,0,0,0,0
2020-05-08,6,1,6,6,0,1,4,3,5,1,0,3,0,2,0,7,1,0,0,0,4,16,7,2,1,0,12,2,2,0,0,0,0,0,4,0,1,0,3,1,0,0,0,0,7,1,0,1,1,0,0,1,0,0,0,7,1,0,0,0,0,0,0,1,1,1,0,0,0,0,0,1,0,0,2,0,0,0,0,0,1,1,0,0,0,0,0,0,0,3,0,0,0,0,0,0,0,0,0,0,0,0,0,0,0,0,1,0,0,0,0,0,0,0,0,0,0,0,0,0,0,0,0,0,0,0,0,0,0,0,0,0,0,0,0,0,0,0,0,0,0,0,0,0,0,0,0,0,0,0,0,0,0,0,0,0,0,0,0,0,0,0,0
2020-05-09,5,1,3,0,0,8,4,0,5,2,0,3,0,2,0,10,1,1,0,0,1,29,10,5,1,1,13,2,4,0,0,0,1,1,5,1,1,0,1,1,0,0,0,0,1,3,0,0,1,0,0,1,0,0,0,5,1,0,0,0,0,0,0,0,1,2,1,1,0,0,1,1,0,0,0,0,0,0,0,0,0,0,0,0,0,0,0,0,0,1,0,1,0,0,0,1,0,0,0,0,0,1,0,0,0,1,0,0,0,0,0,0,1,0,0,1,0,0,0,0,0,0,0,0,0,0,0,0,0,0,0,0,0,0,0,0,0,0,0,0,0,0,0,0,0,1,0,0,0,0,0,0,0,0,0,0,0,0,0,0,0,0,0
2020-05-10,8,0,8,2,0,4,11,2,3,4,3,2,0,3,0,4,1,1,0,0,2,26,5,2,1,1,14,0,0,0,2,0,5,0,0,1,1,0,0,1,0,1,0,0,1,2,0,0,0,0,1,0,0,0,0,2,1,1,0,0,0,0,0,2,0,0,0,0,0,1,0,0,0,0,0,0,0,0,0,0,0,0,0,0,0,0,1,0,0,3,0,0,0,0,0,1,0,0,0,0,0,0,0,0,0,1,1,0,0,0,0,0,0,0,0,0,0,0,0,0,0,0,0,0,0,0,0,0,0,0,0,2,0,0,0,0,0,0,0,0,0,0,0,0,0,1,0,0,0,0,0,0,0,0,0,0,0,0,0,0,0,0,0
2020-05-11,5,2,5,0,0,3,3,3,1,1,2,5,0,1,0,7,1,2,0,0,3,18,7,2,0,2,12,3,0,1,0,1,1,0,4,0,0,0,2,0,1,3,0,1,1,1,0,1,0,0,0,0,0,0,1,5,0,0,0,2,0,0,0,1,0,0,0,0,0,0,0,0,0,0,0,0,0,0,0,0,1,1,0,0,0,0,0,0,0,3,0,0,0,1,0,0,0,0,0,0,0,0,0,0,1,0,1,0,0,0,0,0,0,0,0,0,0,0,0,0,0,0,0,0,0,0,0,0,0,0,0,0,0,0,0,0,0,0,0,0,0,0,0,0,0,1,0,0,0,0,0,0,0,0,0,0,0,0,0,0,0,0,0
2020-05-12,5,2,9,0,1,7,4,1,1,1,1,1,0,0,0,9,1,5,0,2,2,29,6,1,1,1,10,1,1,2,1,0,2,1,4,0,1,0,1,0,1,0,0,0,1,1,0,3,0,0,0,2,0,0,0,5,2,0,0,0,0,0,0,0,2,0,0,0,0,0,0,0,0,0,0,0,0,0,1,0,0,0,0,0,0,0,1,0,1,2,0,0,0,0,0,1,0,0,0,0,0,1,0,1,0,0,0,0,1,0,0,0,0,0,0,0,0,0,0,0,0,0,0,0,0,0,0,0,0,0,0,0,0,0,0,0,0,0,0,0,0,0,0,0,0,1,0,0,0,0,0,0,0,0,0,0,0,0,0,0,0,0,0
2020-05-13,6,4,10,1,1,4,3,2,3,1,2,4,1,4,0,6,2,3,0,0,8,37,12,3,0,0,14,1,0,0,1,0,2,0,1,0,0,0,1,1,0,0,0,0,2,1,0,1,1,0,0,1,3,0,0,5,0,0,0,0,0,0,0,0,0,0,0,0,0,0,1,0,1,0,0,0,0,0,0,0,0,2,0,0,0,0,0,0,1,0,0,0,0,0,0,0,0,0,0,0,0,0,0,0,0,0,0,0,1,0,0,0,0,0,0,0,0,0,0,0,0,0,0,0,0,0,0,0,0,0,0,1,0,0,0,0,0,0,0,0,0,0,0,0,0,0,0,0,0,0,1,0,0,0,0,0,0,0,0,0,0,0,0
2020-05-14,6,2,9,1,2,3,8,1,4,0,8,5,0,2,0,13,2,1,0,0,3,33,17,4,0,1,13,0,2,0,1,0,1,0,1,0,0,0,2,2,1,0,0,0,3,0,0,1,1,0,1,1,1,0,0,6,0,1,0,0,0,0,0,0,0,0,0,0,1,0,0,1,0,0,1,0,0,0,0,0,0,0,0,0,0,0,0,0,0,2,0,1,0,0,0,0,0,0,0,0,0,0,0,0,0,0,0,0,1,0,0,0,1,0,0,0,0,0,0,0,0,0,0,0,0,0,0,0,0,0,0,0,0,0,0,0,0,0,0,0,0,0,0,0,0,0,0,0,0,0,0,0,0,0,0,0,0,0,0,0,0,0,0
2020-05-15,7,0,9,1,1,2,6,1,3,1,0,5,0,2,0,10,4,2,0,1,5,38,5,1,0,1,8,2,2,0,0,1,2,0,1,0,1,0,3,2,1,1,1,0,4,2,0,2,0,1,0,1,0,0,0,6,3,0,0,1,0,0,0,0,0,0,0,0,0,0,0,2,1,0,0,0,0,0,0,0,1,5,0,0,0,0,0,0,0,0,0,0,0,0,0,0,0,0,0,0,0,0,0,0,0,0,2,0,1,0,0,0,0,0,0,0,0,0,0,0,0,0,0,0,0,0,0,0,0,0,0,0,0,0,0,0,0,0,0,0,0,0,0,0,0,0,0,0,0,0,0,0,0,0,0,0,0,0,0,0,0,0,0
2020-05-16,11,5,10,0,0,1,8,1,2,2,6,4,0,2,0,4,1,0,0,1,9,51,16,2,0,0,7,2,2,1,0,0,4,0,2,0,0,0,1,0,1,0,1,0,4,0,0,0,1,0,0,2,0,0,0,7,2,1,0,0,0,0,0,0,0,0,0,0,0,0,0,0,0,0,1,0,0,0,0,0,0,4,0,0,0,0,0,0,0,1,0,0,0,0,0,0,0,0,0,0,0,0,0,0,0,0,0,0,0,0,0,0,0,0,0,0,0,0,0,0,0,0,0,0,0,0,0,0,0,0,0,0,0,0,0,0,0,0,0,0,0,0,0,0,0,0,0,0,0,0,0,0,0,0,0,0,0,0,0,0,0,0,0
2020-05-17,8,3,8,3,0,4,5,1,8,2,4,3,0,1,1,10,2,1,0,1,1,47,16,2,0,3,12,4,1,0,2,0,0,1,0,1,2,0,0,2,0,1,0,0,2,3,0,4,1,0,0,0,0,0,0,3,0,0,0,0,0,0,0,0,0,0,0,0,0,0,0,0,1,0,0,0,0,0,0,0,2,2,0,0,0,0,0,0,0,1,0,0,0,0,0,0,0,0,0,0,0,0,0,0,0,1,0,0,0,0,0,0,0,0,0,1,0,0,0,0,0,1,0,0,0,0,0,0,0,0,0,0,0,0,0,0,0,0,0,0,0,0,0,0,0,0,0,0,0,0,0,0,0,0,0,0,0,0,0,0,0,0,0
2020-05-18,15,2,6,0,0,2,3,0,4,1,3,2,0,3,0,5,2,0,0,0,4,70,13,4,1,1,13,0,0,1,0,0,3,0,3,0,0,0,1,0,0,0,0,0,0,1,0,2,0,0,0,1,3,0,0,5,0,0,0,1,0,0,0,1,0,1,1,0,0,0,0,0,1,0,0,0,0,0,1,0,0,0,0,0,0,0,0,0,0,1,0,0,0,1,0,0,0,0,0,0,0,0,0,0,0,0,0,0,0,0,0,0,1,0,0,0,0,0,0,0,0,0,0,0,0,0,0,0,0,0,0,0,0,0,0,0,0,0,0,0,0,1,0,0,0,0,1,0,0,0,0,0,0,0,0,0,0,0,0,0,0,0,0
2020-05-19,17,0,6,0,0,4,6,0,3,2,3,2,0,1,0,9,2,4,0,2,7,64,14,3,0,2,6,2,1,1,1,0,4,0,2,1,0,0,2,0,1,0,0,0,2,2,0,2,0,0,1,1,0,0,0,5,5,0,0,0,0,1,0,2,1,0,0,0,0,0,1,0,0,0,2,0,0,0,1,0,1,1,0,0,0,0,0,0,1,1,0,0,0,0,0,0,0,0,0,0,0,0,0,0,0,0,1,0,0,0,0,0,1,0,0,0,0,0,0,0,0,0,0,0,0,0,0,0,0,0,0,0,0,0,0,0,0,0,0,0,0,0,0,0,0,0,0,0,0,0,0,0,1,0,0,0,0,0,0,0,0,0,0
2020-05-20,13,2,7,1,1,4,6,5,3,1,4,2,0,1,0,8,2,3,0,0,1,72,18,2,1,0,11,1,2,1,1,0,2,3,2,0,1,0,1,2,0,1,0,0,2,2,0,2,0,0,1,3,0,0,1,1,2,0,1,1,0,0,0,1,0,0,0,0,0,0,0,2,0,0,0,0,0,0,0,1,0,0,0,0,0,0,0,0,0,1,0,0,0,0,0,0,0,0,0,0,0,0,0,0,0,1,0,0,1,0,0,0,0,0,0,0,0,0,0,1,0,0,0,0,0,0,0,0,0,0,0,0,0,0,0,0,1,0,0,0,0,0,0,0,0,0,0,0,0,0,0,0,0,0,1,0,0,0,0,0,0,0,0
2020-05-21,12,2,10,1,1,3,8,0,7,0,4,2,0,2,0,12,2,2,1,0,5,69,27,3,1,0,12,0,1,1,1,0,5,0,2,0,1,0,1,1,0,1,0,0,3,0,0,0,0,0,2,2,0,0,0,1,2,0,0,1,0,0,0,0,0,0,0,0,0,0,0,0,1,0,0,0,0,1,0,0,0,2,0,0,0,0,0,0,1,1,0,1,0,1,0,0,0,0,0,0,0,0,0,0,0,0,0,0,0,0,0,0,0,0,0,0,0,1,0,0,0,0,0,0,0,0,0,0,0,0,0,0,0,0,0,0,0,0,0,0,0,0,0,0,0,2,0,0,0,0,0,0,0,0,0,0,0,0,0,0,0,0,0
2020-05-22,11,1,9,1,1,3,8,2,4,2,1,3,0,2,1,6,2,5,0,0,3,78,18,3,0,0,13,1,2,1,1,0,5,1,1,0,3,0,1,0,1,0,0,0,1,0,0,3,0,0,0,2,3,0,0,1,2,0,1,0,1,0,1,0,0,1,0,0,0,0,0,0,1,0,0,0,0,1,1,0,0,2,0,0,0,0,0,0,0,1,0,0,0,0,1,0,0,0,0,0,0,0,0,0,0,0,0,0,0,0,0,0,0,1,0,0,0,0,0,0,0,0,0,0,0,0,0,1,0,0,0,0,0,0,0,0,0,0,0,0,0,0,0,0,0,1,1,0,1,0,0,0,0,0,0,0,0,0,0,0,0,0,0
2020-05-23,7,0,5,3,1,5,8,3,7,1,5,4,1,1,1,10,1,2,0,0,5,96,28,7,0,1,8,2,1,0,2,0,4,0,4,2,1,0,1,1,0,1,1,0,2,0,0,0,0,0,0,1,0,0,0,2,0,0,0,0,0,0,0,2,0,1,0,0,0,0,1,1,0,0,0,0,0,0,0,0,0,2,0,0,0,0,0,0,0,3,0,2,0,0,0,0,0,0,0,0,0,0,0,0,1,1,0,0,0,0,0,0,0,0,0,0,0,0,0,0,0,0,0,0,0,0,0,0,0,0,0,0,0,0,0,0,0,0,0,0,0,0,0,0,0,0,0,0,0,0,0,1,1,1,0,0,0,0,0,0,0,0,0
2020-05-24,14,4,8,0,1,1,6,2,7,2,6,2,0,4,0,8,1,1,0,0,2,115,31,0,1,0,15,2,1,0,1,1,4,0,0,1,0,0,0,2,3,1,0,0,2,1,0,0,2,0,0,0,0,1,0,7,1,0,1,0,0,0,0,1,0,0,0,0,0,0,0,1,0,0,0,0,0,1,1,0,1,4,0,0,0,0,0,0,0,0,0,0,0,1,0,0,0,1,0,1,1,1,0,0,0,2,0,0,0,0,0,0,0,0,0,0,0,0,0,0,0,0,0,0,0,0,0,0,0,0,0,0,0,0,0,0,0,0,0,0,0,0,0,0,0,1,0,0,0,0,0,0,0,0,0,0,0,0,0,0,0,0,0
2020-05-25,14,1,8,1,1,6,3,2,3,3,2,4,1,2,0,16,2,3,0,0,3,92,36,7,1,1,10,1,4,0,0,0,6,0,4,0,1,0,1,0,2,1,0,0,3,1,0,1,1,0,1,1,0,0,0,6,1,0,0,0,0,0,0,1,0,2,0,0,1,0,0,0,0,0,0,0,0,0,0,0,0,1,0,0,0,0,0,0,0,4,0,0,0,0,0,0,0,0,0,0,0,0,0,0,0,0,0,0,1,0,0,0,0,0,0,0,0,0,0,0,0,0,0,0,0,0,0,0,0,0,0,0,0,0,0,0,0,0,0,0,0,0,0,0,0,0,0,0,0,0,0,0,0,0,0,0,0,0,0,0,0,0,0
2020-05-26,15,5,9,1,0,4,10,4,5,1,2,4,0,0,0,8,5,1,0,0,4,107,39,3,0,3,8,1,3,1,4,0,4,0,3,0,2,0,1,1,1,0,0,0,0,1,0,0,0,0,0,1,0,0,0,1,0,1,0,1,0,0,0,1,0,1,0,0,0,0,1,0,0,1,0,0,0,0,1,0,1,1,0,0,0,0,0,0,0,1,0,0,0,0,0,0,0,0,0,0,0,0,0,0,0,0,0,0,0,0,0,0,0,0,0,0,0,0,0,0,0,0,0,0,0,0,0,0,0,0,0,0,0,0,0,0,0,0,0,0,0,0,0,0,0,0,0,0,0,0,0,0,1,0,0,0,0,0,0,0,0,0,0
2020-05-27,12,3,3,0,0,5,10,3,7,3,5,5,0,0,0,3,2,2,0,0,11,124,41,2,0,1,9,1,3,0,0,0,3,1,4,1,2,0,5,0,4,0,0,0,1,0,0,3,3,0,0,0,0,0,1,3,0,0,1,0,0,0,0,0,1,0,0,0,0,0,1,0,0,0,1,0,0,0,0,0,0,6,0,0,0,0,0,0,0,2,0,0,0,0,0,0,0,0,0,0,0,0,0,0,0,0,0,0,1,0,0,0,0,0,0,0,0,0,0,0,0,0,1,0,0,0,0,0,0,0,1,1,0,0,0,0,0,0,0,0,0,0,0,0,0,0,0,0,0,0,0,0,0,0,0,0,0,0,0,0,0,0,0
2020-05-28,5,3,8,0,0,1,7,2,5,0,6,2,0,1,0,8,1,0,0,0,2,120,26,6,1,0,17,0,1,0,1,0,2,0,2,0,0,0,2,3,0,0,0,0,4,2,0,2,0,0,0,3,0,0,0,3,1,0,0,1,0,0,0,0,0,1,1,0,1,0,0,1,0,0,0,0,0,0,1,0,1,1,0,0,0,0,0,0,0,0,0,0,0,0,0,0,0,0,0,0,0,0,0,0,0,1,0,0,1,0,0,0,1,0,0,0,1,0,0,0,0,0,0,0,0,0,0,1,0,0,0,1,0,0,0,0,0,0,0,0,0,0,0,0,1,1,0,0,0,0,0,0,0,0,0,0,0,0,0,0,0,0,0
2020-05-29,18,0,11,0,0,6,11,1,8,2,1,3,0,0,0,8,2,3,0,2,5,120,39,2,0,1,13,1,2,0,0,0,3,0,6,0,2,0,1,0,1,2,0,0,1,3,0,2,0,0,0,0,1,0,0,3,1,1,2,0,0,0,0,1,0,0,1,0,0,0,0,1,0,0,0,0,0,1,0,0,0,2,0,1,0,0,0,0,0,3,0,0,0,0,0,0,0,0,0,0,0,0,0,0,0,0,0,0,0,0,0,0,0,0,0,0,0,0,0,0,0,0,0,0,0,0,0,0,0,0,0,0,0,0,0,0,0,0,0,0,0,0,0,0,0,0,0,0,0,0,0,0,0,0,0,0,0,0,0,0,0,0,0
2020-05-30,14,2,5,3,2,3,4,5,3,0,6,6,0,1,0,11,0,1,0,0,6,136,35,2,0,1,11,0,1,0,0,0,2,0,1,0,1,0,0,1,3,1,0,0,1,1,0,1,0,0,0,1,0,0,0,3,1,0,0,1,0,1,0,0,0,1,0,0,0,0,0,0,1,0,0,0,0,0,0,1,0,4,0,0,0,0,0,0,0,2,0,0,0,1,0,0,0,0,0,1,0,0,0,0,0,1,0,0,0,0,0,0,0,0,0,0,0,0,0,0,0,0,0,0,0,0,0,0,0,0,0,0,0,0,0,0,0,0,0,0,0,0,1,0,1,0,0,0,0,0,0,0,0,0,0,0,0,0,0,0,0,0,0
2020-05-31,10,6,9,1,0,2,1,2,7,2,1,3,0,1,0,17,1,1,0,0,5,120,45,4,0,0,10,0,0,0,0,0,5,0,3,1,0,1,0,1,1,1,0,0,2,1,0,0,0,0,0,3,1,0,0,4,0,1,1,0,0,0,0,1,1,0,0,0,1,1,0,0,0,0,0,0,0,0,1,0,0,3,0,0,0,0,0,0,0,0,0,0,0,0,0,0,0,0,0,0,0,0,0,0,0,1,0,0,1,0,0,0,0,0,0,0,0,0,0,0,0,0,0,0,0,0,0,0,0,0,0,2,0,0,0,0,0,0,0,0,0,0,0,0,0,0,0,0,0,0,0,0,0,0,0,0,0,0,0,0,0,0,0
2020-06-01,15,2,9,1,1,5,13,2,5,2,4,7,2,1,0,14,1,1,0,1,9,144,46,4,0,1,5,1,3,1,0,0,3,1,3,0,3,0,3,2,0,0,0,0,2,2,0,2,0,0,0,1,0,0,0,5,2,1,0,0,0,0,0,0,2,0,0,0,1,0,0,0,1,0,0,0,0,0,1,0,0,0,0,0,0,0,0,0,0,0,1,0,0,0,0,0,0,0,0,0,0,0,0,0,0,0,0,0,0,0,0,0,0,0,0,0,0,0,0,1,0,0,0,0,0,0,0,0,0,0,0,0,0,0,0,0,0,0,0,0,0,0,0,0,0,0,0,0,1,0,0,0,0,0,0,0,0,0,0,0,0,0,0
2020-06-02,10,2,9,1,0,4,13,3,3,0,5,3,1,0,1,13,2,3,0,3,7,134,46,1,0,0,8,4,2,0,1,0,2,1,2,0,0,0,1,1,1,2,0,0,0,3,0,2,0,0,0,1,2,0,0,1,1,0,0,2,0,0,0,1,0,0,0,0,0,0,0,3,2,0,0,0,0,0,0,0,1,1,0,0,0,0,0,0,1,1,0,0,0,0,0,0,0,0,0,0,0,0,0,0,0,0,1,0,0,0,0,0,0,0,0,0,0,0,0,0,1,0,0,0,0,0,0,0,0,0,0,1,0,0,0,0,0,0,0,0,0,0,0,0,0,0,0,0,0,0,0,0,0,0,0,0,0,1,0,0,0,0,0
2020-06-03,15,1,6,0,1,4,7,1,5,1,2,1,0,2,1,8,4,1,0,1,7,145,55,2,0,1,10,1,3,0,3,0,4,0,6,1,1,0,2,4,2,0,1,0,2,1,0,0,1,0,0,2,2,0,0,1,2,0,0,0,0,0,0,0,2,0,0,0,0,0,0,1,1,0,0,0,0,0,2,0,0,2,0,0,0,0,0,0,0,0,0,0,0,0,0,0,0,0,0,0,0,0,0,0,0,0,0,0,0,0,0,0,0,0,0,0,1,0,0,0,0,0,0,0,0,0,0,0,0,0,0,0,0,0,0,0,0,0,0,0,0,0,0,0,0,0,0,0,0,0,0,0,0,0,0,0,0,0,0,0,0,0,0
2020-06-04,10,1,12,4,0,5,5,0,2,1,3,6,0,2,0,11,2,1,0,0,4,144,35,4,1,1,8,2,1,1,2,0,5,0,1,0,1,0,0,1,1,1,0,0,2,2,0,3,1,0,0,0,0,0,0,4,3,2,0,0,0,0,1,1,0,1,0,0,0,0,0,1,0,1,0,0,0,0,0,0,0,0,0,0,0,0,0,0,0,2,0,0,0,0,0,0,0,0,0,0,0,1,0,0,0,1,1,0,0,0,0,0,0,0,0,0,0,0,0,0,0,0,0,0,0,0,1,1,0,0,0,0,0,0,0,1,0,0,0,0,0,0,0,0,0,0,0,0,0,0,0,0,0,0,0,0,0,0,0,0,0,0,0
2020-06-05,17,3,7,0,0,1,5,1,5,1,4,3,0,0,0,15,0,2,0,0,6,144,51,2,0,1,9,0,3,0,0,0,2,1,2,0,2,0,0,1,0,1,0,0,3,2,0,1,0,0,0,1,1,0,0,6,1,1,0,0,0,0,0,0,1,0,0,0,0,0,0,0,2,0,0,0,0,1,0,0,0,1,0,0,0,0,0,0,0,1,0,0,0,0,0,0,0,0,0,0,0,1,0,0,0,2,1,0,1,0,0,0,0,0,0,0,0,0,0,0,0,0,0,0,0,0,0,0,0,0,1,0,1,0,0,0,0,0,0,0,0,0,0,0,0,1,0,0,0,0,0,0,0,0,0,0,0,0,0,0,0,0,0
2020-06-06,14,2,10,1,0,3,8,3,7,0,5,8,0,1,0,12,1,1,0,0,9,159,57,2,1,1,14,2,2,0,1,0,3,0,4,0,2,0,1,1,0,0,0,0,2,0,1,0,0,0,0,1,3,0,0,6,1,0,0,2,0,0,0,0,0,0,2,0,0,0,0,1,0,0,1,0,0,0,0,0,0,0,0,0,0,0,0,0,0,0,0,0,0,0,1,1,0,0,0,0,0,0,0,0,0,0,0,0,0,0,0,0,0,0,0,0,0,0,0,0,0,1,0,0,0,0,0,1,0,0,0,0,0,0,0,0,0,0,0,0,0,0,0,0,0,0,0,0,0,0,0,0,1,0,0,0,0,0,0,0,0,0,0
2020-06-07,14,3,12,0,0,4,3,2,8,2,7,8,1,0,0,21,2,0,0,0,5,146,51,1,0,0,7,2,1,1,1,0,4,0,0,0,1,0,2,0,0,1,0,0,3,1,0,0,0,1,0,1,0,0,0,2,1,1,0,0,0,0,0,0,1,0,0,0,0,0,0,0,0,0,0,0,0,0,1,0,0,3,0,0,0,0,1,0,0,1,0,0,0,0,0,0,0,0,0,0,0,0,0,0,1,1,0,0,0,0,0,0,0,0,0,1,0,0,0,0,0,0,0,0,0,0,0,0,0,0,0,0,0,0,0,0,0,0,0,0,0,0,0,0,0,0,0,0,0,0,0,0,0,0,0,0,0,0,0,0,0,0,0
2020-06-08,11,2,13,1,0,0,3,2,1,2,2,3,0,0,0,11,1,2,0,0,5,137,50,1,0,1,9,3,2,0,0,0,3,0,5,0,0,0,1,0,2,1,0,0,4,1,0,0,2,0,0,1,0,0,0,3,1,0,0,0,0,0,0,0,3,0,1,1,1,0,0,0,0,0,0,0,0,0,1,0,0,1,0,0,0,0,0,0,0,2,0,0,0,0,0,0,0,0,0,0,0,0,1,0,0,0,1,0,0,0,0,0,0,0,1,0,0,0,0,0,0,0,0,0,0,0,0,0,0,0,0,0,0,0,0,0,0,0,0,0,0,0,0,0,0,0,0,0,0,0,0,0,0,0,0,0,0,0,0,0,0,0,0
2020-06-09,9,5,8,1,1,2,5,1,7,1,5,7,0,0,0,17,3,0,0,0,13,163,61,3,0,0,11,1,0,0,0,0,6,0,6,0,1,0,1,1,0,1,0,0,1,2,0,6,0,0,0,0,0,0,1,2,4,0,0,0,0,0,0,0,0,0,0,0,0,0,0,0,1,0,0,0,0,0,0,0,0,1,0,0,0,0,0,0,0,0,0,0,0,0,0,1,0,0,0,0,0,0,0,0,0,0,0,0,0,0,0,0,0,0,1,0,0,0,0,0,0,0,0,0,0,0,0,0,0,0,0,1,0,0,0,0,0,0,0,0,0,0,0,0,0,0,0,0,0,0,0,0,1,1,1,0,0,0,0,0,0,0,0
2020-06-10,10,1,8,1,0,2,8,4,7,0,4,2,0,2,0,11,4,0,1,0,6,157,50,2,1,1,14,3,2,2,4,0,6,2,0,2,0,0,0,0,2,0,0,0,1,0,0,1,0,0,1,2,1,1,0,2,3,1,0,0,0,0,0,1,0,1,0,0,0,0,0,0,0,0,0,0,0,1,0,1,0,1,0,0,0,0,0,0,0,3,0,0,0,0,0,0,0,0,0,0,0,0,0,0,0,0,0,0,0,0,0,0,1,0,0,0,0,0,0,0,0,0,0,0,0,0,0,0,0,0,0,0,0,0,0,0,0,0,0,0,0,0,0,0,0,1,0,0,0,0,0,0,0,0,0,0,0,0,0,0,0,0,0
2020-06-11,17,1,10,0,0,2,6,2,10,2,4,7,0,0,0,7,4,0,0,0,6,158,54,6,0,0,10,3,4,0,0,0,1,0,1,1,0,0,0,0,0,1,1,0,0,4,0,1,0,0,2,0,0,0,0,6,1,0,0,0,0,0,0,0,1,1,0,0,0,0,1,2,1,0,0,0,1,0,1,0,1,4,0,0,0,0,0,0,0,1,0,0,0,0,0,0,0,0,0,0,0,0,0,0,0,0,0,0,0,0,0,0,1,0,0,0,0,0,0,0,0,0,0,0,0,0,0,0,0,0,0,0,0,0,0,0,0,0,0,0,0,0,0,0,0,0,0,0,0,0,0,0,0,0,0,0,0,0,0,0,0,0,0
2020-06-12,16,2,9,1,0,2,6,3,10,2,2,3,0,0,1,12,1,0,0,0,6,147,40,3,2,0,15,0,1,1,2,0,6,0,5,0,0,0,0,1,2,0,0,0,0,2,0,1,1,0,0,0,1,0,0,5,3,0,0,0,0,0,1,1,0,0,1,0,0,0,0,2,0,0,0,0,0,0,0,0,0,2,0,0,0,0,0,0,0,0,1,0,0,0,0,0,0,0,0,0,0,0,0,0,0,0,0,0,1,0,0,0,0,0,0,0,0,0,0,0,0,0,0,0,0,0,0,1,0,0,0,0,0,0,0,0,0,0,0,0,0,0,0,0,0,0,0,0,0,0,0,0,0,0,0,0,0,0,0,0,0,0,0
2020-06-13,17,1,7,0,1,2,5,1,6,1,1,7,1,1,0,12,1,1,0,1,3,174,46,1,0,0,13,1,1,1,1,0,4,0,2,0,0,0,2,0,2,3,0,0,1,1,0,0,0,0,0,0,0,0,0,2,0,0,0,1,0,0,0,0,0,0,0,0,0,1,0,1,0,0,1,0,0,1,2,0,0,1,0,0,0,0,0,0,0,0,0,0,0,0,0,0,0,0,0,0,0,0,0,0,0,1,0,0,0,1,0,0,0,0,0,0,0,0,0,0,0,0,0,0,0,0,0,0,0,0,0,0,0,0,0,0,0,0,0,0,0,0,1,0,0,0,0,0,0,0,0,0,0,0,0,0,0,0,0,0,0,0,0
2020-06-14,13,2,8,3,0,5,8,3,4,2,5,2,0,2,0,15,1,3,0,0,7,138,43,5,0,0,13,1,1,1,0,0,5,0,5,0,1,0,1,1,3,0,0,0,1,0,0,2,0,0,1,2,2,0,0,7,1,0,0,0,0,0,0,1,1,1,0,0,0,0,1,1,0,0,0,0,0,0,1,0,1,1,0,0,0,0,0,0,0,0,0,0,0,0,0,1,0,1,0,0,0,0,0,0,0,0,0,0,0,0,0,0,0,0,0,1,0,0,0,0,0,0,0,0,0,0,0,0,0,0,0,0,0,0,0,0,0,0,0,0,0,0,0,0,0,0,0,0,0,0,0,0,0,0,0,0,0,0,0,0,0,0,0
2020-06-15,11,2,9,1,0,4,6,2,5,3,2,2,0,1,0,8,1,3,1,0,4,146,75,6,1,0,9,1,2,0,0,0,0,0,2,0,1,0,1,2,1,0,0,0,1,0,0,0,0,0,0,2,1,0,0,5,1,0,1,0,0,0,0,0,1,2,1,0,0,0,0,0,0,0,1,0,0,0,0,0,0,0,0,0,0,0,0,0,0,0,0,0,0,0,0,0,0,0,0,0,0,1,0,0,0,1,0,0,0,0,0,0,0,0,0,0,1,0,0,0,0,0,0,0,0,0,0,0,0,0,0,0,0,0,0,0,0,0,0,0,0,0,0,0,0,0,0,0,0,0,0,0,0,0,0,1,0,0,0,0,0,0,0
2020-06-16,14,1,8,1,0,2,4,2,8,3,2,5,0,0,0,10,2,1,0,0,3,168,39,1,3,0,13,4,4,0,0,0,6,0,5,1,0,0,3,0,1,0,0,0,1,3,0,2,0,0,1,1,0,0,0,4,3,0,0,1,0,0,0,1,0,1,0,0,0,0,1,1,0,0,0,0,0,0,1,0,0,1,0,0,0,0,0,0,0,2,0,1,0,0,0,0,0,0,0,0,0,0,0,0,0,1,0,0,0,0,0,0,1,0,0,0,0,0,0,0,0,0,0,0,0,0,0,0,0,0,0,0,0,0,0,0,0,0,0,0,0,0,0,0,0,1,0,0,0,1,0,0,0,0,0,0,0,0,0,0,0,0,0
2020-06-17,15,0,6,0,1,4,2,2,5,2,7,4,0,1,1,15,3,2,0,1,6,155,48,3,1,0,7,2,0,0,0,0,5,0,3,0,2,0,0,2,1,1,0,0,0,1,0,2,0,0,2,0,1,0,1,5,1,1,0,0,0,0,0,0,0,1,0,0,0,0,0,0,0,0,0,0,0,1,1,0,0,1,1,0,0,0,0,0,0,0,0,0,0,0,0,0,0,0,0,0,0,0,0,0,0,0,0,0,0,0,0,0,0,0,0,0,0,0,0,0,0,0,1,0,0,0,0,1,0,0,0,0,0,0,0,0,0,0,0,0,0,0,0,0,0,1,0,0,0,0,0,1,0,0,0,0,0,0,0,0,0,0,0
2020-06-18,12,2,12,0,0,2,4,2,4,1,2,9,1,3,0,7,3,0,0,1,2,108,42,2,1,0,4,1,5,3,0,0,4,0,3,0,1,0,1,0,1,1,0,0,0,3,0,1,2,0,0,1,0,0,0,3,3,0,1,1,0,0,0,1,0,0,1,0,0,0,0,2,0,1,0,0,0,0,0,0,1,1,0,0,0,0,0,0,0,0,0,0,0,0,0,0,0,0,0,0,0,0,0,0,0,2,0,0,0,0,0,0,0,0,0,0,0,0,0,0,0,0,0,0,0,0,0,0,0,0,0,0,0,0,0,0,0,0,0,0,0,0,0,0,0,0,0,0,0,0,0,0,1,0,0,0,1,0,0,0,0,0,0
2020-06-19,7,1,6,0,0,0,7,4,5,0,5,1,0,1,1,13,2,2,0,0,5,141,49,3,0,0,11,2,2,1,1,0,5,1,4,0,0,0,3,0,0,0,0,0,1,1,0,3,0,0,0,0,0,0,0,4,3,0,0,2,0,0,0,0,0,0,0,0,0,0,0,0,1,0,0,0,0,1,0,1,0,1,0,0,0,0,0,0,0,3,0,0,0,0,0,0,0,0,0,0,0,0,0,0,0,1,0,0,1,0,0,0,1,0,0,0,0,0,0,1,0,0,0,0,0,0,0,0,0,0,0,0,0,0,0,0,0,1,0,0,0,0,0,0,0,0,0,0,0,0,0,0,0,0,0,0,0,0,0,0,0,0,0
2020-06-20,14,3,5,0,0,2,6,3,1,2,1,4,0,0,0,8,6,0,0,0,1,118,35,2,1,0,5,3,3,0,1,0,6,0,1,0,2,0,1,1,0,1,0,0,3,2,0,2,1,1,1,1,0,0,1,2,2,0,0,0,0,0,0,0,0,1,1,0,0,0,0,0,0,0,0,0,0,0,1,1,0,0,0,0,0,0,0,0,0,1,0,0,0,0,0,0,0,0,0,0,0,0,0,0,0,0,0,0,0,0,0,0,0,0,0,0,0,0,0,0,0,0,0,0,0,0,0,0,0,0,0,1,0,0,0,0,0,0,0,0,0,0,0,0,0,0,0,0,0,0,0,0,0,0,0,0,0,0,0,0,0,0,0
2020-06-21,7,2,9,2,0,2,6,1,6,1,3,3,0,1,0,10,2,2,0,0,6,121,33,5,0,0,5,2,0,1,0,0,4,0,2,0,1,0,1,1,1,1,0,0,2,2,0,1,0,0,1,2,0,0,0,5,0,1,0,1,0,0,0,0,0,0,0,0,1,1,0,0,0,0,0,0,0,1,1,0,1,0,0,0,0,0,1,0,0,1,0,1,0,0,0,0,0,0,0,0,0,0,0,0,0,2,0,0,0,0,0,0,0,0,0,0,0,0,0,0,0,0,0,0,0,0,0,0,0,0,0,0,0,0,0,0,0,0,0,0,0,0,0,0,0,1,0,0,0,0,0,0,0,0,0,0,0,0,0,0,0,0,0
2020-06-22,15,4,8,1,0,2,3,0,5,2,1,2,0,2,0,9,1,0,0,1,5,111,40,4,0,0,5,2,2,0,0,0,3,0,0,1,1,0,3,0,1,1,0,0,0,0,0,0,1,0,2,0,0,0,1,4,2,0,0,0,0,0,0,0,0,0,0,0,0,0,1,0,0,0,0,0,0,0,0,0,0,2,0,0,0,0,0,0,0,2,0,0,0,0,0,0,0,0,0,0,0,0,0,0,0,0,1,0,1,0,0,0,0,0,0,0,0,0,0,0,0,0,0,0,0,0,0,0,0,0,0,0,0,0,0,0,0,0,0,0,0,0,0,0,0,0,0,0,0,0,0,0,0,0,0,0,0,0,0,0,0,0,0
2020-06-23,10,3,6,0,1,4,6,2,2,2,2,5,0,1,0,15,2,2,0,1,4,117,34,3,0,1,11,1,5,0,0,0,8,0,1,0,0,0,2,0,0,1,0,0,0,1,0,2,0,0,0,1,0,0,0,5,0,0,0,1,0,0,0,2,1,0,0,0,0,1,0,0,0,1,0,0,0,1,0,1,0,1,0,0,1,0,0,0,0,2,0,1,0,0,0,0,0,0,0,0,0,0,0,0,0,0,0,0,0,0,0,0,0,0,0,0,1,0,0,0,0,0,0,0,0,0,0,0,0,0,0,0,0,0,0,0,0,0,0,0,0,0,0,0,0,0,0,0,0,0,0,0,1,0,0,0,0,0,0,1,1,0,0
2020-06-24,14,0,8,1,0,3,9,1,4,1,3,1,0,1,0,10,1,2,0,1,2,102,42,1,0,0,5,3,2,1,0,0,5,1,0,0,2,0,1,0,1,0,0,0,0,1,0,3,0,0,0,1,0,0,0,3,3,0,0,0,0,0,0,0,0,1,0,0,0,0,1,0,1,0,0,0,0,0,0,0,1,4,0,0,0,0,0,0,0,0,0,1,0,0,0,0,0,0,0,0,0,0,0,0,1,1,0,0,0,0,0,0,1,0,0,0,0,0,0,0,0,0,0,0,0,0,0,1,0,0,0,0,0,0,0,0,0,0,0,0,0,0,0,0,0,1,0,0,0,0,0,0,0,0,0,0,0,0,0,0,0,0,0
2020-06-25,13,2,10,0,2,3,5,2,6,0,0,3,0,2,0,12,0,1,0,1,3,110,31,3,0,3,10,1,3,1,1,0,3,0,1,0,1,0,2,0,0,0,0,0,4,2,0,0,0,0,0,2,0,0,0,7,1,0,0,1,0,0,0,0,0,1,0,0,0,0,0,0,2,0,0,0,0,0,0,0,0,0,0,0,0,0,0,0,0,1,0,0,0,1,0,0,0,0,0,0,0,0,0,0,0,0,1,0,0,0,0,0,0,0,0,0,0,0,0,0,0,0,0,0,0,0,0,0,0,0,0,0,0,0,0,0,0,0,0,0,0,0,0,0,0,0,0,0,0,0,0,0,0,0,0,0,0,0,0,0,0,0,0
2020-06-26,5,6,11,0,0,6,5,0,2,2,3,2,0,1,0,12,2,2,0,0,6,104,31,4,0,1,11,3,1,0,1,0,3,0,2,0,0,0,3,0,2,0,0,0,4,1,0,2,0,0,1,1,1,0,0,3,1,0,1,0,0,0,1,0,0,0,0,1,0,0,0,1,2,0,0,0,0,0,0,0,0,0,0,0,0,0,0,0,0,2,0,0,0,0,1,0,0,1,0,0,0,0,0,0,0,0,0,0,0,0,0,0,0,0,0,0,0,0,0,0,0,0,0,0,0,0,0,0,0,0,0,0,0,0,0,0,0,0,0,0,0,0,1,0,0,0,0,0,0,0,0,0,0,0,0,0,0,0,0,0,0,0,0
2020-06-27,9,3,9,2,1,2,3,1,4,2,1,1,0,0,0,14,2,0,0,0,6,99,27,2,0,3,7,0,1,0,1,0,4,0,3,0,0,0,1,2,2,0,0,0,0,1,0,1,0,0,0,0,1,0,0,1,0,0,0,1,0,0,0,2,0,1,0,0,0,0,1,0,0,0,2,0,0,0,1,1,1,1,0,0,0,0,0,0,0,1,0,0,0,0,0,0,0,0,0,0,0,0,0,0,0,0,1,0,0,0,0,0,1,0,0,0,0,0,0,1,0,0,0,0,0,0,0,0,0,0,0,0,0,0,0,0,0,0,0,0,0,0,1,0,0,0,0,0,0,0,0,0,0,0,0,0,0,0,0,0,0,0,0
2020-06-28,12,1,11,0,0,2,5,1,3,4,3,4,0,0,0,11,2,4,0,1,0,101,37,0,1,0,5,2,3,0,1,1,4,3,5,0,2,0,0,3,1,2,0,0,1,1,0,2,0,0,0,0,0,0,0,2,3,0,0,0,1,0,0,0,1,0,0,0,1,0,0,1,0,0,0,0,0,0,0,1,0,3,0,0,0,0,0,0,0,2,0,0,0,0,0,1,0,0,0,0,0,0,0,0,0,0,0,0,0,0,0,0,0,0,0,0,0,0,0,0,0,0,0,0,0,0,0,0,0,0,0,2,0,0,0,0,0,0,0,0,0,0,0,0,0,0,0,0,0,0,0,0,0,0,0,0,0,0,0,0,0,0,0
2020-06-29,12,1,7,1,0,2,5,1,5,1,6,1,0,2,0,7,1,1,0,0,6,84,21,2,1,0,10,2,3,0,0,0,2,0,1,0,1,0,0,2,2,0,0,0,0,0,0,1,0,0,0,0,0,0,1,3,2,0,1,0,0,0,0,1,0,0,0,0,0,0,0,1,0,0,0,0,0,0,2,0,0,2,1,0,0,0,1,0,0,0,0,0,0,0,1,0,0,0,0,0,0,0,0,0,0,0,0,0,0,0,0,0,0,0,0,0,0,0,0,0,0,1,0,0,0,0,0,0,0,0,0,0,0,0,0,0,0,0,0,0,0,0,0,0,1,1,0,0,0,0,0,0,0,0,0,0,0,0,0,0,0,0,0
2020-06-30,12,0,10,1,0,3,1,0,6,1,4,1,0,1,0,11,1,0,0,0,1,102,28,3,1,0,10,1,1,0,1,0,4,0,3,1,0,0,0,0,0,0,0,0,3,1,0,2,0,0,0,0,0,0,0,1,0,0,0,0,0,0,0,0,0,2,0,0,0,1,0,1,0,0,0,0,0,1,0,0,0,2,1,0,0,0,0,0,0,0,0,2,1,1,0,1,0,0,0,0,0,0,0,0,0,0,1,0,0,0,0,0,0,0,0,0,1,0,0,0,0,0,0,0,0,0,0,0,0,0,0,1,0,0,0,0,1,0,0,0,0,0,0,0,0,0,0,0,0,0,0,0,0,0,0,0,0,0,0,0,0,0,0
2020-07-01,5,2,13,1,0,4,2,2,4,1,0,1,0,0,0,10,1,4,0,0,4,84,29,4,1,2,8,2,1,1,1,0,1,0,3,1,0,0,0,2,0,1,0,0,0,1,0,1,0,0,0,1,0,0,0,3,1,0,1,0,0,0,0,0,0,0,0,0,0,0,0,1,0,0,0,0,0,0,0,0,0,1,0,0,0,0,0,0,0,2,0,0,0,0,0,1,0,0,0,0,0,0,0,0,0,0,1,0,0,0,0,0,0,0,0,0,0,0,0,0,0,0,0,0,0,0,0,0,0,0,1,0,0,0,0,0,0,0,0,0,0,0,0,0,0,0,0,0,0,0,1,0,0,0,0,0,0,0,0,0,0,0,0
2020-07-02,6,0,8,1,0,4,5,2,7,1,4,2,0,0,0,8,1,3,0,0,6,96,29,2,1,1,8,0,2,1,2,0,5,0,0,0,3,0,0,0,1,1,0,0,1,0,0,3,0,0,0,0,1,0,1,4,0,0,0,0,0,0,0,0,0,1,0,0,0,0,0,1,0,0,0,0,0,0,1,0,0,2,0,0,0,0,0,0,0,1,0,0,0,0,0,0,0,0,0,0,0,0,0,0,0,0,0,0,1,1,0,0,1,0,0,0,0,1,0,0,0,0,0,0,0,0,0,0,0,0,1,0,0,0,0,0,0,0,0,0,0,0,0,0,0,0,0,0,0,0,0,0,0,0,0,0,0,0,0,0,0,0,0
2020-07-03,4,2,7,0,1,2,2,1,5,1,0,2,0,5,0,7,1,3,0,2,7,89,31,4,0,0,8,0,5,0,0,0,2,0,4,0,0,0,1,0,0,1,0,0,1,1,0,1,0,0,0,1,1,0,0,4,3,0,0,0,0,0,0,0,0,1,0,0,0,0,0,0,0,0,0,0,0,0,0,0,0,0,0,0,0,0,0,0,0,2,0,0,0,0,0,0,0,0,0,0,0,0,0,0,0,0,0,0,1,0,0,0,0,0,0,0,0,0,0,0,0,0,0,0,0,0,0,0,0,0,0,0,0,0,0,0,0,0,0,0,0,0,1,0,0,0,1,0,0,0,0,0,0,0,0,0,0,0,1,0,0,0,0
2020-07-04,5,2,4,0,0,1,0,0,5,1,2,4,0,2,0,10,1,1,0,0,1,78,32,5,0,1,6,2,0,0,0,0,3,0,1,0,0,0,0,1,1,0,1,0,0,2,0,1,1,0,0,1,2,0,1,3,0,0,0,0,0,0,0,0,1,0,0,0,0,0,0,5,2,0,0,0,0,0,1,0,0,0,0,0,0,0,0,0,0,0,1,0,0,0,0,0,0,0,0,1,0,0,0,0,0,0,0,0,0,0,0,0,0,0,0,0,0,0,0,0,0,0,0,0,0,0,0,0,0,0,0,0,0,0,0,0,0,0,0,0,0,0,1,0,0,0,0,0,1,0,0,0,0,0,0,0,0,0,0,0,0,0,0
2020-07-05,8,1,5,0,1,5,1,1,4,1,2,2,0,1,0,10,0,0,0,2,2,67,24,2,0,1,4,3,2,0,1,0,2,0,2,0,1,0,0,0,1,1,0,0,2,3,0,2,0,0,0,0,0,0,0,2,3,0,0,1,0,0,0,0,0,1,1,0,1,0,0,0,0,0,1,0,0,0,2,1,1,1,0,0,0,0,0,0,0,0,0,0,0,0,0,2,0,0,0,0,0,1,0,0,0,0,0,0,0,0,0,0,0,0,0,0,0,0,0,0,0,0,0,0,0,0,0,0,0,0,0,1,0,0,0,0,0,0,0,0,0,0,0,0,0,0,0,0,0,0,0,0,0,0,0,0,0,0,0,0,0,0,0
2020-07-06,10,2,5,2,2,1,2,0,4,0,1,3,0,1,0,9,1,1,0,0,6,79,24,0,0,1,13,1,3,0,1,1,6,0,2,0,0,0,2,1,0,1,0,1,1,1,0,1,0,0,0,1,0,1,0,1,2,0,0,0,0,0,0,1,0,0,0,0,0,0,0,0,0,0,2,0,0,1,0,0,0,0,0,0,0,0,0,0,0,1,0,0,1,0,0,0,0,0,0,0,0,0,0,0,1,0,0,0,1,0,0,0,0,0,1,0,0,0,0,0,0,0,0,0,0,0,0,1,0,0,0,0,0,0,0,0,0,0,0,0,0,0,0,0,0,1,0,0,0,0,0,0,0,0,1,0,0,0,0,0,0,0,0
2020-07-07,6,2,4,2,0,1,7,0,4,2,2,2,2,0,0,4,2,2,0,0,3,87,30,1,0,1,6,0,2,1,1,0,3,0,3,0,1,0,0,0,1,0,0,0,1,0,2,0,0,0,0,0,1,0,0,3,1,0,0,1,0,0,0,0,0,0,0,0,0,1,0,2,0,0,0,0,0,0,2,0,0,1,0,0,0,0,0,0,0,1,0,1,0,0,0,0,0,0,0,0,0,0,0,0,0,0,0,0,1,0,0,0,0,0,0,0,0,0,0,0,0,0,0,0,0,0,0,1,0,0,0,0,0,0,0,1,0,0,0,0,0,0,0,0,0,0,0,0,0,0,0,0,0,0,0,0,0,1,0,0,0,0,0
2020-07-08,9,2,6,0,0,2,3,1,4,4,4,2,0,1,0,10,2,4,0,1,3,80,26,1,1,1,8,0,1,1,0,0,4,0,1,0,0,0,0,2,2,0,0,0,3,1,0,3,0,0,1,1,0,0,1,3,2,0,0,0,0,0,0,0,0,0,0,0,0,0,0,0,0,0,0,0,0,1,0,0,0,0,0,0,0,0,1,0,0,0,0,0,0,0,0,0,0,0,0,0,0,1,0,0,0,0,0,0,0,0,0,0,0,0,0,0,0,0,0,0,0,0,0,0,0,0,0,0,0,0,0,0,0,0,0,0,0,0,0,0,0,0,0,0,0,0,0,0,0,0,0,0,0,0,0,0,0,0,0,0,0,0,0
2020-07-09,14,3,6,0,0,3,2,3,1,1,3,1,0,0,1,14,0,0,0,0,1,79,19,4,1,0,9,0,1,1,0,0,2,1,2,0,0,0,0,0,0,0,0,0,2,2,0,1,0,0,0,0,0,0,0,6,0,0,0,0,0,0,1,0,0,0,0,0,0,0,1,0,0,0,0,0,0,0,0,0,0,1,0,0,0,0,0,0,0,0,0,0,0,0,0,0,0,0,0,0,0,0,0,0,0,0,0,0,0,0,0,0,0,0,1,0,0,0,0,0,0,0,0,0,0,0,0,0,0,0,0,0,0,0,0,0,1,0,0,0,0,0,0,0,0,0,0,0,0,0,0,0,0,0,0,0,0,0,0,0,0,0,0
2020-07-10,4,2,7,1,0,0,4,0,3,1,2,4,1,0,0,6,2,1,0,3,5,61,32,2,0,3,11,0,1,0,1,0,1,0,4,0,2,0,0,0,1,1,0,0,0,2,0,1,0,0,1,1,0,0,0,2,3,1,0,1,0,0,0,2,1,1,0,0,0,1,0,0,0,0,0,0,0,0,0,0,0,2,0,0,0,0,0,0,0,3,0,0,0,0,0,0,0,0,0,0,0,0,0,0,0,1,0,0,0,0,0,0,2,0,0,0,0,0,0,0,0,0,0,0,0,0,0,0,0,0,0,0,0,0,0,0,0,0,0,0,0,0,0,0,0,1,1,0,0,0,0,0,0,0,0,0,0,1,0,0,0,0,0
2020-07-11,9,2,7,1,0,0,0,3,3,1,3,1,0,0,0,6,3,0,0,0,4,62,22,2,0,0,4,1,3,0,0,1,1,1,0,0,1,0,1,0,3,1,0,0,2,2,0,1,0,0,0,1,3,0,0,1,1,1,0,0,0,0,0,0,1,0,1,0,0,0,0,0,1,0,0,0,0,1,0,0,0,4,0,0,0,0,0,0,0,1,0,0,0,0,0,0,0,0,0,0,0,0,0,0,0,0,1,0,0,0,0,0,1,0,0,0,0,0,0,0,0,0,0,0,0,0,0,1,0,0,0,0,0,0,0,0,0,0,0,0,0,0,0,0,0,0,0,0,0,0,0,0,0,0,0,0,0,0,0,0,0,0,0
2020-07-12,12,0,3,0,0,4,5,0,5,0,3,0,0,0,0,11,3,1,0,0,3,53,23,1,0,1,10,3,0,0,0,0,4,0,0,0,0,0,1,1,2,1,0,0,3,0,0,1,0,0,0,0,0,0,0,3,1,0,0,1,0,0,0,0,1,0,0,0,0,0,0,1,0,0,0,0,0,1,1,0,0,3,0,0,0,0,0,0,0,0,0,0,0,2,0,0,0,0,0,0,0,0,0,0,0,0,0,0,1,0,0,0,0,0,0,0,0,0,0,1,0,0,0,0,0,0,0,0,0,0,0,0,0,0,0,0,0,0,0,0,0,0,1,0,0,0,1,0,0,0,0,0,0,0,0,0,0,0,0,0,0,0,0
2020-07-13,6,0,3,0,0,4,5,1,6,1,3,1,0,2,0,5,3,1,0,0,8,71,30,3,0,0,5,2,0,0,1,0,0,0,0,0,0,0,0,2,0,1,0,0,0,0,0,4,1,0,1,0,0,0,0,2,1,0,0,0,0,0,0,1,0,0,1,0,0,0,0,0,0,0,0,0,0,0,0,0,0,1,0,0,0,0,0,0,0,1,0,1,0,0,0,0,0,0,0,0,0,0,0,0,0,0,0,0,1,0,0,0,0,0,0,0,0,0,0,0,1,0,0,0,0,0,0,1,0,0,0,0,0,1,0,0,0,0,0,0,0,0,1,0,0,0,0,0,0,0,0,0,1,0,0,0,0,0,0,0,0,0,0
2020-07-14,3,2,11,0,0,2,2,2,4,1,0,2,0,2,0,10,1,0,0,1,2,57,21,3,0,1,6,1,2,1,0,0,4,1,1,0,1,1,0,0,2,0,0,0,1,1,0,2,0,1,0,0,0,0,0,5,3,0,0,1,0,0,0,2,0,0,0,0,0,0,0,0,1,0,0,1,0,0,0,0,0,0,0,0,0,0,0,0,0,1,0,0,0,0,0,0,0,0,0,0,0,0,0,0,0,0,0,0,0,0,0,0,0,0,0,0,0,0,0,0,0,0,0,0,0,0,0,0,0,0,0,0,0,0,0,0,0,0,0,0,0,0,0,0,0,0,0,0,0,0,0,0,0,0,0,0,0,0,0,0,0,0,0
2020-07-15,3,0,4,1,0,3,4,3,2,2,3,1,1,1,2,6,2,2,0,1,6,55,22,1,0,1,12,1,2,0,1,0,3,0,2,0,0,0,1,1,0,0,0,0,0,0,0,3,1,0,0,2,0,0,0,1,0,1,0,0,0,0,0,1,0,1,0,0,1,0,0,0,0,0,0,0,0,0,0,0,0,1,0,0,0,0,0,0,0,2,0,0,0,0,0,0,0,0,0,0,0,0,0,0,0,0,0,0,0,0,0,0,0,0,0,0,0,0,0,1,0,0,0,0,0,0,0,0,0,0,0,0,0,0,0,0,0,0,0,0,0,0,0,0,0,0,0,0,0,0,0,0,0,0,0,0,0,0,0,0,0,0,0
2020-07-16,3,1,7,0,0,2,6,0,6,0,4,0,3,0,0,10,1,1,0,0,3,70,21,3,0,1,2,2,2,0,0,0,1,0,0,0,2,0,0,1,1,1,0,0,2,0,0,1,0,0,0,1,1,0,0,2,0,0,0,0,0,1,0,1,0,0,0,0,0,0,0,1,1,0,0,0,0,0,0,0,0,0,0,0,0,0,0,0,0,1,0,0,0,0,0,0,0,0,0,0,0,0,0,0,0,1,0,0,0,0,0,0,0,0,0,0,0,0,0,0,0,0,0,0,0,0,0,0,0,0,0,0,0,0,0,0,0,0,0,0,0,0,0,0,0,0,0,0,0,0,0,0,0,0,0,0,0,0,0,0,0,0,0
2020-07-17,6,2,5,1,0,2,2,1,4,1,3,0,0,0,0,2,2,3,0,0,0,49,20,2,1,0,6,2,1,0,0,2,3,0,3,0,0,0,0,1,1,1,0,0,0,3,0,0,0,0,0,0,0,0,0,1,1,1,0,0,0,0,0,0,0,0,0,0,0,0,0,1,0,0,0,0,0,0,1,0,1,1,0,0,0,0,0,0,0,1,0,0,0,0,0,0,0,0,0,0,0,0,0,0,0,1,0,0,2,0,0,0,0,0,0,0,0,0,0,0,0,0,0,0,1,0,1,0,0,0,0,0,0,0,0,0,0,0,0,0,0,0,0,0,1,0,0,0,0,0,0,0,0,0,0,0,0,0,0,0,0,0,0
2020-07-18,8,2,6,0,1,2,4,0,4,2,3,2,0,0,0,12,1,0,0,0,6,43,17,2,1,1,9,2,0,0,1,0,3,0,0,0,0,0,0,1,1,0,0,0,2,1,0,1,1,0,1,0,0,0,0,4,0,0,0,0,0,0,0,0,0,0,0,0,0,0,0,0,0,0,0,0,0,1,1,0,0,2,0,0,0,0,1,0,0,0,0,0,0,0,0,1,0,0,0,0,0,1,0,0,0,0,0,0,0,0,0,0,0,0,0,0,0,0,0,0,0,0,0,0,0,0,0,0,0,0,0,0,0,0,0,0,0,0,0,0,0,0,1,0,0,0,0,0,0,0,0,0,0,0,0,0,0,0,0,0,0,0,0
2020-07-19,4,1,11,3,1,1,3,0,8,0,1,1,1,1,0,9,1,1,0,0,3,43,22,1,0,1,8,1,1,0,1,1,1,0,3,0,0,0,1,0,0,0,0,0,0,0,0,0,0,0,0,1,1,0,0,0,0,0,0,0,0,0,0,1,0,0,0,0,0,0,0,2,0,0,0,0,0,0,0,0,0,3,0,0,0,0,0,0,0,4,0,1,0,0,0,0,0,0,0,0,0,0,0,0,0,1,0,0,0,0,0,0,0,0,0,0,0,0,0,0,0,0,0,0,0,0,0,0,0,0,0,0,0,0,0,0,0,0,0,0,0,0,0,0,0,0,1,0,0,0,0,0,0,0,0,0,0,0,0,0,0,0,0
2020-07-20,3,3,1,2,0,1,5,0,3,1,2,1,0,1,0,3,2,1,0,0,0,35,20,0,0,0,9,0,1,2,1,0,1,0,0,0,0,0,1,2,0,0,0,0,0,1,0,0,0,0,0,0,0,0,0,0,1,0,0,0,0,0,0,0,0,1,0,0,0,0,0,0,0,0,0,0,0,1,1,0,0,0,0,0,0,0,0,0,0,2,0,0,1,0,0,1,0,0,0,0,1,0,0,0,0,0,0,0,0,0,0,0,0,0,0,0,0,0,0,0,0,0,0,0,0,0,0,1,0,0,0,0,0,0,0,0,0,0,0,0,0,0,0,0,0,0,0,0,0,0,0,0,0,0,0,0,0,0,0,0,0,0,0
2020-07-21,5,0,8,0,1,1,2,1,3,0,3,5,0,1,0,2,1,0,0,0,1,43,26,5,0,0,5,3,1,0,0,0,2,0,1,0,1,0,0,0,0,1,0,0,0,3,0,1,0,0,0,1,0,0,0,1,0,0,0,0,0,0,0,0,0,0,0,0,1,0,0,0,0,0,0,0,0,0,0,0,0,0,0,0,0,0,0,0,0,0,0,0,0,0,0,0,0,0,0,0,0,0,0,0,0,0,0,0,0,0,0,0,0,0,0,0,0,0,0,0,0,0,0,0,0,0,0,0,0,0,0,0,0,0,0,0,0,0,0,0,0,0,0,0,0,2,0,0,0,0,0,0,0,0,0,0,0,0,0,0,0,0,0
2020-07-22,1,0,1,1,0,1,2,0,0,0,1,0,0,0,0,0,0,0,0,0,2,6,5,2,0,0,1,0,0,0,0,0,1,0,0,0,2,0,0,0,1,0,0,0,0,1,0,0,0,0,0,0,0,0,0,0,0,0,0,0,0,0,0,0,0,0,0,0,0,0,0,0,0,0,0,0,0,0,0,0,0,0,0,0,0,0,0,0,0,0,0,0,0,0,0,0,0,0,0,0,0,0,0,0,0,0,0,0,0,0,0,0,0,0,0,0,0,0,0,0,0,0,0,0,0,0,0,0,0,0,0,0,0,0,0,0,0,0,0,0,0,0,0,0,0,0,0,0,0,0,0,0,0,0,0,0,0,0,0,0,0,0,0
